"Protein","Cluster","Silo","0","3","5","7","9","11","13","15","Avg","StDev","CoeffcientVariance","Variance","Median","Slope","Kurtosis","Skewness","Max","Min","Range","X1st_quartile","X4th_quartile","Sum","Day0.Day15","Day3.Day15","Avg_Day0.7","Avg_Day9.15","X1sthalf.2ndhalf","Range_Day0.7","Range_Day9.15","Sum.TotalProteinIDs","High.Low","Variability","Tag","column1","column2","column3","column4","column5","column6","column7","column8","column9","column10","column11","column12","column13","clean","Entry","Entry.name","Status","Protein.names","Gene.names","Organism","Length","Gene.ontology..biological.process.","Gene.ontology.IDs","Pathway","Cross.reference..UniPathway.","Cross.reference..CDD.","Cross.reference..Pfam.","Gene.ontology..GO."
"CHOYP_ACT.23.27|m.58454",18,"3",79,47,39,65,32,77,67,54,61.5714285714,37.3787836799,"0.6070800134",1397.1734693878,67,"#VALUE!","1.1217908649","0.2432875424",130,0,130,43.25,130,431,"0.5923076923","0.6153846154",64.125,62.875,1.25,47.5,130,5.1048205614,"low_abundance","high_variance","low_abundance-high_variance","CHOYP_ACT.23.27|m.58454","P86700","ACT_CHIOP","45.43","350","33","8","20","369","1","192","1.00E-77","244","1","P86700","ACT_CHIOP","reviewed","Actin, muscle (Alpha-actin) (Fragments)","","Chionoecetes opilio (Crab-beetle)","192","","GO:0005524; GO:0005737; GO:0005856","","","","PF00022;","cytoplasm [GO:0005737]; cytoskeleton [GO:0005856]; ATP binding [GO:0005524]"
"CHOYP_ACT.23.27|m.58454",38,"9",79,0,31,69.5,37,80,0,130,61.5714285714,37.3787836799,"0.6070800134",1397.1734693878,67,"#VALUE!","1.1217908649","0.2432875424",130,0,130,43.25,130,431,"0.5923076923","0.6153846154",64.125,62.875,1.25,47.5,130,5.1048205614,"low_abundance","high_variance","low_abundance-high_variance","CHOYP_ACT.23.27|m.58454","P86700","ACT_CHIOP","45.43","350","33","8","20","369","1","192","1.00E-77","244","1","P86700","ACT_CHIOP","reviewed","Actin, muscle (Alpha-actin) (Fragments)","","Chionoecetes opilio (Crab-beetle)","192","","GO:0005524; GO:0005737; GO:0005856","","","","PF00022;","cytoplasm [GO:0005737]; cytoskeleton [GO:0005856]; ATP binding [GO:0005524]"
"CHOYP_ACT.5.27|m.15585",28,"3",0,189.5,0,0,0,0,0,0,0,0,"#DIV/0!",0,0,"#VALUE!","#DIV/0!","Err:502",0,0,0,0,0,0,"#DIV/0!","#DIV/0!",0,0,0,0,0,0,"low_abundance","low_variance","low_abundance-low_variance","None","None","None","None","None","None","None","None","None","None","None","None","None","None","None","None","None","None","None","None","None","None","None","None","None","None","None","None"
"CHOYP_ACT.5.27|m.15585",18,"9",0,0,0,0,0,0,0,0,0,0,"#DIV/0!",0,0,"#VALUE!","#DIV/0!","Err:502",0,0,0,0,0,0,"#DIV/0!","#DIV/0!",0,0,0,0,0,0,"low_abundance","low_variance","low_abundance-low_variance","None","None","None","None","None","None","None","None","None","None","None","None","None","None","None","None","None","None","None","None","None","None","None","None","None","None","None","None"
"CHOYP_ACT.6.27|m.15622",27,"3",0,0,0,86.5,0,0,83,79,36.2142857143,41.9556374067,"1.158538311",1760.2755102041,0,"#VALUE!","-2.7040570179","0.4004934455",91.5,0,91.5,0,91.5,253.5,"0","0",20.75,42.625,-21.875,83,91.5,3.0024872676,"low_abundance","high_variance","low_abundance-high_variance","CHOYP_ACT.6.27|m.15622","Q39596","ACT_OXYRB","98.82","85","1","0","3","87","1","85","2.00E-54","177","1","Q39596","ACT_OXYRB","reviewed","Actin (Fragment)","","Oxybasis rubra (Red goosefoot) (Chenopodium rubrum)","85","","GO:0005524; GO:0005737; GO:0005856","","","","PF00022;","cytoplasm [GO:0005737]; cytoskeleton [GO:0005856]; ATP binding [GO:0005524]"
"CHOYP_ACT.6.27|m.15622",18,"9",0,0,0,0,0,0,0,91.5,36.2142857143,41.9556374067,"1.158538311",1760.2755102041,0,"#VALUE!","-2.7040570179","0.4004934455",91.5,0,91.5,0,91.5,253.5,"0","0",20.75,42.625,-21.875,83,91.5,3.0024872676,"low_abundance","high_variance","low_abundance-high_variance","CHOYP_ACT.6.27|m.15622","Q39596","ACT_OXYRB","98.82","85","1","0","3","87","1","85","2.00E-54","177","1","Q39596","ACT_OXYRB","reviewed","Actin (Fragment)","","Oxybasis rubra (Red goosefoot) (Chenopodium rubrum)","85","","GO:0005524; GO:0005737; GO:0005856","","","","PF00022;","cytoplasm [GO:0005737]; cytoskeleton [GO:0005856]; ATP binding [GO:0005524]"
"CHOYP_CO6A5.1.6|m.5838",10,"9",88.5,134.5,147.5,127.5,168.5,151,158,168.5,121,36.3789578112,"0.3006525439",1323.4285714286,110.5,"#VALUE!","-1.2122170016","-0.2216114958",168.5,61,107.5,99,168.5,847,"0.9881305638","0.8961424332",120.75,132.625,-11.875,105.5,75,10.0319791543,"low_abundance","high_variance","low_abundance-high_variance","CHOYP_CO6A5.1.6|m.5838","A8TX70","CO6A5_HUMAN","28.98","911","531","27","67","964","235","1042","7.00E-93","341","1","A8TX70","CO6A5_HUMAN","reviewed","Collagen alpha-5(VI) chain (Collagen alpha-1(XXIX) chain) (von Willebrand factor A domain-containing protein 4)","COL6A5 COL29A1 VWA4","Homo sapiens (Human)","2615","cell adhesion [GO:0007155]; collagen catabolic process [GO:0030574]","GO:0005576; GO:0005578; GO:0005581; GO:0007155; GO:0030574","","","","PF01391;PF00092;","collagen trimer [GO:0005581]; extracellular region [GO:0005576]; proteinaceous extracellular matrix [GO:0005578]; cell adhesion [GO:0007155]; collagen catabolic process [GO:0030574]"
"CHOYP_CO6A5.1.6|m.5838",12,"3",88.5,110,157,157.5,157.5,166.5,104.5,110.5,121,36.3789578112,"0.3006525439",1323.4285714286,110.5,"#VALUE!","-1.2122170016","-0.2216114958",168.5,61,107.5,99,168.5,847,"0.9881305638","0.8961424332",120.75,132.625,-11.875,105.5,75,10.0319791543,"low_abundance","high_variance","low_abundance-high_variance","CHOYP_CO6A5.1.6|m.5838","A8TX70","CO6A5_HUMAN","28.98","911","531","27","67","964","235","1042","7.00E-93","341","1","A8TX70","CO6A5_HUMAN","reviewed","Collagen alpha-5(VI) chain (Collagen alpha-1(XXIX) chain) (von Willebrand factor A domain-containing protein 4)","COL6A5 COL29A1 VWA4","Homo sapiens (Human)","2615","cell adhesion [GO:0007155]; collagen catabolic process [GO:0030574]","GO:0005576; GO:0005578; GO:0005581; GO:0007155; GO:0030574","","","","PF01391;PF00092;","collagen trimer [GO:0005581]; extracellular region [GO:0005576]; proteinaceous extracellular matrix [GO:0005578]; cell adhesion [GO:0007155]; collagen catabolic process [GO:0030574]"
"CHOYP_DNAH5.2.2|m.61452",23,"3",133,112.5,61,60.5,41.5,24.5,31.5,19,25.9285714286,9.0649583224,"0.3496127177",82.1734693878,24.5,"#VALUE!","-0.5933611499","-0.2516489403",39,10.5,28.5,20.75,39,181.5,"1","1.5918367347",26.375,25.125,1.25,28.5,15.5,2.1497098188,"low_abundance","high_variance","low_abundance-high_variance","CHOYP_DNAH5.2.2|m.61452","Q8TE73","DYH5_HUMAN","62.56","4631","1627","21","57","4592","6","4624","0","5986","1","Q8TE73","DYH5_HUMAN","reviewed","Dynein heavy chain 5, axonemal (Axonemal beta dynein heavy chain 5) (Ciliary dynein heavy chain 5)","DNAH5 DNAHC5 HL1 KIAA1603","Homo sapiens (Human)","4624","cilium assembly [GO:0060271]; cilium movement [GO:0003341]; determination of left/right symmetry [GO:0007368]; flagellated sperm motility [GO:0030317]; heart development [GO:0007507]; lateral ventricle development [GO:0021670]; outer dynein arm assembly [GO:0036158]","GO:0003341; GO:0003777; GO:0005524; GO:0005737; GO:0005874; GO:0005930; GO:0007368; GO:0007507; GO:0016887; GO:0021670; GO:0030317; GO:0036157; GO:0036158; GO:0060271","","","","PF07728;PF12780;PF08385;PF08393;PF03028;PF12777;","axoneme [GO:0005930]; cytoplasm [GO:0005737]; microtubule [GO:0005874]; outer dynein arm [GO:0036157]; ATP binding [GO:0005524]; ATPase activity [GO:0016887]; microtubule motor activity [GO:0003777]; cilium assembly [GO:0060271]; cilium movement [GO:0003341]; determination of left/right symmetry [GO:0007368]; flagellated sperm motility [GO:0030317]; heart development [GO:0007507]; lateral ventricle development [GO:0021670]; outer dynein arm assembly [GO:0036158]"
"CHOYP_DNAH5.2.2|m.61452",18,"9",133,57,45,40.5,15,39,34.5,24.5,25.9285714286,9.0649583224,"0.3496127177",82.1734693878,24.5,"#VALUE!","-0.5933611499","-0.2516489403",39,10.5,28.5,20.75,39,181.5,"1","1.5918367347",26.375,25.125,1.25,28.5,15.5,2.1497098188,"low_abundance","high_variance","low_abundance-high_variance","CHOYP_DNAH5.2.2|m.61452","Q8TE73","DYH5_HUMAN","62.56","4631","1627","21","57","4592","6","4624","0","5986","1","Q8TE73","DYH5_HUMAN","reviewed","Dynein heavy chain 5, axonemal (Axonemal beta dynein heavy chain 5) (Ciliary dynein heavy chain 5)","DNAH5 DNAHC5 HL1 KIAA1603","Homo sapiens (Human)","4624","cilium assembly [GO:0060271]; cilium movement [GO:0003341]; determination of left/right symmetry [GO:0007368]; flagellated sperm motility [GO:0030317]; heart development [GO:0007507]; lateral ventricle development [GO:0021670]; outer dynein arm assembly [GO:0036158]","GO:0003341; GO:0003777; GO:0005524; GO:0005737; GO:0005874; GO:0005930; GO:0007368; GO:0007507; GO:0016887; GO:0021670; GO:0030317; GO:0036157; GO:0036158; GO:0060271","","","","PF07728;PF12780;PF08385;PF08393;PF03028;PF12777;","axoneme [GO:0005930]; cytoplasm [GO:0005737]; microtubule [GO:0005874]; outer dynein arm [GO:0036157]; ATP binding [GO:0005524]; ATPase activity [GO:0016887]; microtubule motor activity [GO:0003777]; cilium assembly [GO:0060271]; cilium movement [GO:0003341]; determination of left/right symmetry [GO:0007368]; flagellated sperm motility [GO:0030317]; heart development [GO:0007507]; lateral ventricle development [GO:0021670]; outer dynein arm assembly [GO:0036158]"
"CHOYP_EF1A.2.4|m.50858",1,"3",268.5,295.5,332,294.5,298,358,294.5,288,286.3571428571,61.6683029752,"0.2153545128",3802.9795918367,294.5,"#VALUE!","2.0096192064","-1.3964052516",349,156.5,192.5,269.25,349,2004.5,"1.0257879656","0.9312320917",283.5,307.125,-23.625,201.5,98.5,23.7415610565,"high_abundance","high_variance","high_abundance-high_variance","CHOYP_EF1A.2.4|m.50858","Q92005","EF1A_DANRE","84.53","459","71","0","1","459","1","459","0","813","1","Q92005","EF1A_DANRE","reviewed","Elongation factor 1-alpha (EF-1-alpha)","eef1a ef1a","Danio rerio (Zebrafish) (Brachydanio rerio)","462","","GO:0003746; GO:0003924; GO:0005525; GO:0005622; GO:0005737","","","","PF03144;PF03143;","cytoplasm [GO:0005737]; intracellular [GO:0005622]; GTP binding [GO:0005525]; GTPase activity [GO:0003924]; translation elongation factor activity [GO:0003746]"
"CHOYP_EF1A.2.4|m.50858",29,"9",268.5,349,319.5,281.5,356.5,325,341,349,286.3571428571,61.6683029752,"0.2153545128",3802.9795918367,294.5,"#VALUE!","2.0096192064","-1.3964052516",349,156.5,192.5,269.25,349,2004.5,"1.0257879656","0.9312320917",283.5,307.125,-23.625,201.5,98.5,23.7415610565,"high_abundance","high_variance","high_abundance-high_variance","CHOYP_EF1A.2.4|m.50858","Q92005","EF1A_DANRE","84.53","459","71","0","1","459","1","459","0","813","1","Q92005","EF1A_DANRE","reviewed","Elongation factor 1-alpha (EF-1-alpha)","eef1a ef1a","Danio rerio (Zebrafish) (Brachydanio rerio)","462","","GO:0003746; GO:0003924; GO:0005525; GO:0005622; GO:0005737","","","","PF03144;PF03143;","cytoplasm [GO:0005737]; intracellular [GO:0005622]; GTP binding [GO:0005525]; GTPase activity [GO:0003924]; translation elongation factor activity [GO:0003746]"
"CHOYP_EF1G.3.3|m.63510",18,"3",49.5,48,69,72.5,61.5,77.5,54.5,51.5,57.5,12.2270192606,"0.2126438132",149.5,56.5,"#VALUE!","0.9942237783","-1.0402146495",70,33,37,53,70,402.5,"1.1071428571","0.9928571429",58.625,61.375,-2.75,44.5,18.5,4.7672628213,"low_abundance","high_variance","low_abundance-high_variance","CHOYP_EF1G.3.3|m.63510","P12261","EF1G_ARTSA","61.12","427","151","5","1","414","1","425","0","531","1","P12261","EF1G_ARTSA","reviewed","Elongation factor 1-gamma (EF-1-gamma) (eEF-1B gamma)","","Artemia salina (Brine shrimp)","430","","GO:0003746","","","","PF00647;PF00043;PF02798;","translation elongation factor activity [GO:0003746]"
"CHOYP_EF1G.3.3|m.63510",16,"9",49.5,60.5,53.5,53.5,77,69.5,67.5,70,57.5,12.2270192606,"0.2126438132",149.5,56.5,"#VALUE!","0.9942237783","-1.0402146495",70,33,37,53,70,402.5,"1.1071428571","0.9928571429",58.625,61.375,-2.75,44.5,18.5,4.7672628213,"low_abundance","high_variance","low_abundance-high_variance","CHOYP_EF1G.3.3|m.63510","P12261","EF1G_ARTSA","61.12","427","151","5","1","414","1","425","0","531","1","P12261","EF1G_ARTSA","reviewed","Elongation factor 1-gamma (EF-1-gamma) (eEF-1B gamma)","","Artemia salina (Brine shrimp)","430","","GO:0003746","","","","PF00647;PF00043;PF02798;","translation elongation factor activity [GO:0003746]"
"CHOYP_ENO.1.2|m.7681",16,"9",60.5,57,65,67.5,68.5,74,76.5,84,66,13.4774944683,"0.2042044616",181.6428571429,67,"#VALUE!","0.4056578095","-0.787428504",84,40.5,43.5,60,84,462,"0.880952381","0.880952381",60.875,73.125,-12.25,33.5,19,5.4719886296,"low_abundance","high_variance","low_abundance-high_variance","CHOYP_ENO.1.2|m.7681","P86210","ENOA_MESAU","55.15","272","38","8","161","432","33","220","2.00E-81","256","1","P86210","ENOA_MESAU","reviewed","Alpha-enolase (EC 4.2.1.11) (2-phospho-D-glycerate hydro-lyase) (Enolase 1) (Non-neural enolase) (NNE) (Fragments)","ENO1","Mesocricetus auratus (Golden hamster)","223","glycolytic process [GO:0006096]; regulation of transcription, DNA-templated [GO:0006355]; transcription, DNA-templated [GO:0006351]","GO:0000015; GO:0000287; GO:0004634; GO:0005886; GO:0006096; GO:0006351; GO:0006355","PATHWAY: Carbohydrate degradation; glycolysis; pyruvate from D-glyceraldehyde 3-phosphate: step 4/5. {ECO:0000250|UniProtKB:P06733}.","","","PF00113;","phosphopyruvate hydratase complex [GO:0000015]; plasma membrane [GO:0005886]; magnesium ion binding [GO:0000287]; phosphopyruvate hydratase activity [GO:0004634]; glycolytic process [GO:0006096]; regulation of transcription, DNA-templated [GO:0006355]; transcription, DNA-templated [GO:0006351]"
"CHOYP_ENO.1.2|m.7681",18,"3",60.5,68.5,63,54.5,61.5,74,55,67,66,13.4774944683,"0.2042044616",181.6428571429,67,"#VALUE!","0.4056578095","-0.787428504",84,40.5,43.5,60,84,462,"0.880952381","0.880952381",60.875,73.125,-12.25,33.5,19,5.4719886296,"low_abundance","high_variance","low_abundance-high_variance","CHOYP_ENO.1.2|m.7681","P86210","ENOA_MESAU","55.15","272","38","8","161","432","33","220","2.00E-81","256","1","P86210","ENOA_MESAU","reviewed","Alpha-enolase (EC 4.2.1.11) (2-phospho-D-glycerate hydro-lyase) (Enolase 1) (Non-neural enolase) (NNE) (Fragments)","ENO1","Mesocricetus auratus (Golden hamster)","223","glycolytic process [GO:0006096]; regulation of transcription, DNA-templated [GO:0006355]; transcription, DNA-templated [GO:0006351]","GO:0000015; GO:0000287; GO:0004634; GO:0005886; GO:0006096; GO:0006351; GO:0006355","PATHWAY: Carbohydrate degradation; glycolysis; pyruvate from D-glyceraldehyde 3-phosphate: step 4/5. {ECO:0000250|UniProtKB:P06733}.","","","PF00113;","phosphopyruvate hydratase complex [GO:0000015]; plasma membrane [GO:0005886]; magnesium ion binding [GO:0000287]; phosphopyruvate hydratase activity [GO:0004634]; glycolytic process [GO:0006096]; regulation of transcription, DNA-templated [GO:0006355]; transcription, DNA-templated [GO:0006351]"
"CHOYP_FLNA.2.6|m.11845",36,"9",2,154.5,3,155.5,86.5,118,190.5,91.5,58.5,70.3618200041,"1.2027661539",4950.7857142857,3.5,"#VALUE!","-0.4055242928","0.977525335",190.5,1.5,189,2.25,190.5,409.5,"1.1202185792","1.2896174863",56.125,71.875,-15.75,116.5,188.5,4.8501717399,"high_abundance","high_variance","high_abundance-high_variance","CHOYP_FLNA.2.6|m.11845","Q9VEN1","FLNA_DROME","51.02","2250","1031","24","21","2242","4","2210","0","2251","1","Q9VEN1","FLNA_DROME","reviewed","Filamin-A (FLN-A) (Actin-binding protein 280) (ABP-280) (Filamin-1) (Filamin1)","cher cheerio sko CG3937","Drosophila melanogaster (Fruit fly)","2210","behavioral response to ethanol [GO:0048149]; cytoplasmic transport, nurse cell to oocyte [GO:0007303]; determination of adult lifespan [GO:0008340]; female germline ring canal formation [GO:0007301]; female germline ring canal formation, actin assembly [GO:0008302]; germarium-derived female germ-line cyst encapsulation [GO:0030708]; germline ring canal formation [GO:0030725]; learning or memory [GO:0007611]; long-term memory [GO:0007616]; mitotic nuclear division [GO:0007067]; motor neuron axon guidance [GO:0008045]; negative regulation of lamellocyte differentiation [GO:0035204]; olfactory learning [GO:0008355]; positive regulation of cytoskeleton organization [GO:0051495]; protein localization [GO:0008104]; sleep [GO:0030431]","GO:0003779; GO:0005829; GO:0005886; GO:0007067; GO:0007301; GO:0007303; GO:0007611; GO:0007616; GO:0008045; GO:0008104; GO:0008302; GO:0008340; GO:0008355; GO:0015629; GO:0030431; GO:0030708; GO:0030725; GO:0035182; GO:0035183; GO:0035204; GO:0035324; GO:0045179; GO:0048149; GO:0051495","","","cd00014;","PF00307;PF00630;","actin cytoskeleton [GO:0015629]; apical cortex [GO:0045179]; cytosol [GO:0005829]; female germline ring canal [GO:0035324]; female germline ring canal inner rim [GO:0035183]; female germline ring canal outer rim [GO:0035182]; plasma membrane [GO:0005886]; actin binding [GO:0003779]; behavioral response to ethanol [GO:0048149]; cytoplasmic transport, nurse cell to oocyte [GO:0007303]; determination of adult lifespan [GO:0008340]; female germline ring canal formation [GO:0007301]; female germline ring canal formation, actin assembly [GO:0008302]; germarium-derived female germ-line cyst encapsulation [GO:0030708]; germline ring canal formation [GO:0030725]; learning or memory [GO:0007611]; long-term memory [GO:0007616]; mitotic nuclear division [GO:0007067]; motor neuron axon guidance [GO:0008045]; negative regulation of lamellocyte differentiation [GO:0035204]; olfactory learning [GO:0008355]; positive regulation of cytoskeleton organization [GO:0051495]; protein localization [GO:0008104]; sleep [GO:0030431]"
"CHOYP_FLNA.2.6|m.11845",21,"3",2,1,155.5,76.5,4.5,102.5,1.5,3.5,58.5,70.3618200041,"1.2027661539",4950.7857142857,3.5,"#VALUE!","-0.4055242928","0.977525335",190.5,1.5,189,2.25,190.5,409.5,"1.1202185792","1.2896174863",56.125,71.875,-15.75,116.5,188.5,4.8501717399,"high_abundance","high_variance","high_abundance-high_variance","CHOYP_FLNA.2.6|m.11845","Q9VEN1","FLNA_DROME","51.02","2250","1031","24","21","2242","4","2210","0","2251","1","Q9VEN1","FLNA_DROME","reviewed","Filamin-A (FLN-A) (Actin-binding protein 280) (ABP-280) (Filamin-1) (Filamin1)","cher cheerio sko CG3937","Drosophila melanogaster (Fruit fly)","2210","behavioral response to ethanol [GO:0048149]; cytoplasmic transport, nurse cell to oocyte [GO:0007303]; determination of adult lifespan [GO:0008340]; female germline ring canal formation [GO:0007301]; female germline ring canal formation, actin assembly [GO:0008302]; germarium-derived female germ-line cyst encapsulation [GO:0030708]; germline ring canal formation [GO:0030725]; learning or memory [GO:0007611]; long-term memory [GO:0007616]; mitotic nuclear division [GO:0007067]; motor neuron axon guidance [GO:0008045]; negative regulation of lamellocyte differentiation [GO:0035204]; olfactory learning [GO:0008355]; positive regulation of cytoskeleton organization [GO:0051495]; protein localization [GO:0008104]; sleep [GO:0030431]","GO:0003779; GO:0005829; GO:0005886; GO:0007067; GO:0007301; GO:0007303; GO:0007611; GO:0007616; GO:0008045; GO:0008104; GO:0008302; GO:0008340; GO:0008355; GO:0015629; GO:0030431; GO:0030708; GO:0030725; GO:0035182; GO:0035183; GO:0035204; GO:0035324; GO:0045179; GO:0048149; GO:0051495","","","cd00014;","PF00307;PF00630;","actin cytoskeleton [GO:0015629]; apical cortex [GO:0045179]; cytosol [GO:0005829]; female germline ring canal [GO:0035324]; female germline ring canal inner rim [GO:0035183]; female germline ring canal outer rim [GO:0035182]; plasma membrane [GO:0005886]; actin binding [GO:0003779]; behavioral response to ethanol [GO:0048149]; cytoplasmic transport, nurse cell to oocyte [GO:0007303]; determination of adult lifespan [GO:0008340]; female germline ring canal formation [GO:0007301]; female germline ring canal formation, actin assembly [GO:0008302]; germarium-derived female germ-line cyst encapsulation [GO:0030708]; germline ring canal formation [GO:0030725]; learning or memory [GO:0007611]; long-term memory [GO:0007616]; mitotic nuclear division [GO:0007067]; motor neuron axon guidance [GO:0008045]; negative regulation of lamellocyte differentiation [GO:0035204]; olfactory learning [GO:0008355]; positive regulation of cytoskeleton organization [GO:0051495]; protein localization [GO:0008104]; sleep [GO:0030431]"
"CHOYP_FLNC.2.5|m.37450",5,"3",209.5,222,91,171.5,245,80.5,254.5,257.5,195.7857142857,61.7991314912,"0.3156467862",3819.1326530612,223.5,"#VALUE!","-0.5239838356","-0.9221614872",257.5,83.5,174,157.5,257.5,1370.5,"0.3601789709","0.3736017897",150.875,211.875,-61,174,127.5,16.2323818548,"high_abundance","high_variance","high_abundance-high_variance","CHOYP_FLNC.2.5|m.37450","P21333","FLNA_HUMAN","43.8","2413","1251","41","559","2905","273","2646","0","1793","1","P21333","FLNA_HUMAN","reviewed","Filamin-A (FLN-A) (Actin-binding protein 280) (ABP-280) (Alpha-filamin) (Endothelial actin-binding protein) (Filamin-1) (Non-muscle filamin)","FLNA FLN FLN1","Homo sapiens (Human)","2647","actin crosslink formation [GO:0051764]; actin cytoskeleton reorganization [GO:0031532]; adenylate cyclase-inhibiting dopamine receptor signaling pathway [GO:0007195]; cell junction assembly [GO:0034329]; cerebral cortex development [GO:0021987]; cilium assembly [GO:0060271]; cytoplasmic sequestering of protein [GO:0051220]; establishment of protein localization [GO:0045184]; formation of radial glial scaffolds [GO:0021943]; mitotic spindle assembly [GO:0090307]; mRNA transcription from RNA polymerase II promoter [GO:0042789]; negative regulation of apoptotic process [GO:0043066]; negative regulation of protein catabolic process [GO:0042177]; negative regulation of sequence-specific DNA binding transcription factor activity [GO:0043433]; negative regulation of transcription from RNA polymerase I promoter [GO:0016479]; platelet activation [GO:0030168]; platelet aggregation [GO:0070527]; platelet degranulation [GO:0002576]; positive regulation of I-kappaB kinase/NF-kappaB signaling [GO:0043123]; positive regulation of integrin-mediated signaling pathway [GO:2001046]; positive regulation of neural precursor cell proliferation [GO:2000179]; positive regulation of neuron migration [GO:2001224]; positive regulation of potassium ion transmembrane transport [GO:1901381]; positive regulation of substrate adhesion-dependent cell spreading [GO:1900026]; positive regulation of transcription factor import into nucleus [GO:0042993]; protein localization to cell surface [GO:0034394]; protein localization to plasma membrane [GO:0072659]; protein stabilization [GO:0050821]; receptor clustering [GO:0043113]; regulation of cell migration [GO:0030334]; regulation of membrane repolarization during atrial cardiac muscle cell action potential [GO:1905000]; regulation of membrane repolarization during cardiac muscle cell action potential [GO:1905031]; semaphorin-plexin signaling pathway [GO:0071526]; wound healing, spreading of cells [GO:0044319]","GO:0001664; GO:0001948; GO:0002576; GO:0003723; GO:0004871; GO:0005576; GO:0005634; GO:0005730; GO:0005737; GO:0005829; GO:0005884; GO:0005886; GO:0005911; GO:0005925; GO:0007195; GO:0008134; GO:0015459; GO:0015629; GO:0016020; GO:0016479; GO:0017048; GO:0017160; GO:0019900; GO:0021943; GO:0021987; GO:0030018; GO:0030168; GO:0030334; GO:0030863; GO:0031012; GO:0031267; GO:0031523; GO:0031532; GO:0034329; GO:0034394; GO:0034988; GO:0042177; GO:0042789; GO:0042803; GO:0042993; GO:0043025; GO:0043066; GO:0043113; GO:0043123; GO:0043198; GO:0043433; GO:0044319; GO:0044325; GO:0045184; GO:0045296; GO:0048365; GO:0048471; GO:0050821; GO:0051015; GO:0051020; GO:0051220; GO:0051764; GO:0060271; GO:0070062; GO:0070527; GO:0071526; GO:0072659; GO:0090307; GO:0097440; GO:1900026; GO:1901381; GO:1905000; GO:1905031; GO:2000179; GO:2001046; GO:2001224","","","cd00014;","PF00307;PF00630;","actin cytoskeleton [GO:0015629]; actin filament [GO:0005884]; apical dendrite [GO:0097440]; cell-cell junction [GO:0005911]; cortical cytoskeleton [GO:0030863]; cytoplasm [GO:0005737]; cytosol [GO:0005829]; dendritic shaft [GO:0043198]; extracellular exosome [GO:0070062]; extracellular matrix [GO:0031012]; extracellular region [GO:0005576]; focal adhesion [GO:0005925]; membrane [GO:0016020]; Myb complex [GO:0031523]; neuronal cell body [GO:0043025]; nucleolus [GO:0005730]; nucleus [GO:0005634]; perinuclear region of cytoplasm [GO:0048471]; plasma membrane [GO:0005886]; Z disc [GO:0030018]; actin filament binding [GO:0051015]; cadherin binding [GO:0045296]; Fc-gamma receptor I complex binding [GO:0034988]; G-protein coupled receptor binding [GO:0001664]; glycoprotein binding [GO:0001948]; GTPase binding [GO:0051020]; ion channel binding [GO:0044325]; kinase binding [GO:0019900]; potassium channel regulator activity [GO:0015459]; protein homodimerization activity [GO:0042803]; Rac GTPase binding [GO:0048365]; Ral GTPase binding [GO:0017160]; Rho GTPase binding [GO:0017048]; RNA binding [GO:0003723]; signal transducer activity [GO:0004871]; small GTPase binding [GO:0031267]; transcription factor binding [GO:0008134]; actin crosslink formation [GO:0051764]; actin cytoskeleton reorganization [GO:0031532]; adenylate cyclase-inhibiting dopamine receptor signaling pathway [GO:0007195]; cell junction assembly [GO:0034329]; cerebral cortex development [GO:0021987]; cilium assembly [GO:0060271]; cytoplasmic sequestering of protein [GO:0051220]; establishment of protein localization [GO:0045184]; formation of radial glial scaffolds [GO:0021943]; mitotic spindle assembly [GO:0090307]; mRNA transcription from RNA polymerase II promoter [GO:0042789]; negative regulation of apoptotic process [GO:0043066]; negative regulation of protein catabolic process [GO:0042177]; negative regulation of sequence-specific DNA binding transcription factor activity [GO:0043433]; negative regulation of transcription from RNA polymerase I promoter [GO:0016479]; platelet activation [GO:0030168]; platelet aggregation [GO:0070527]; platelet degranulation [GO:0002576]; positive regulation of I-kappaB kinase/NF-kappaB signaling [GO:0043123]; positive regulation of integrin-mediated signaling pathway [GO:2001046]; positive regulation of neural precursor cell proliferation [GO:2000179]; positive regulation of neuron migration [GO:2001224]; positive regulation of potassium ion transmembrane transport [GO:1901381]; positive regulation of substrate adhesion-dependent cell spreading [GO:1900026]; positive regulation of transcription factor import into nucleus [GO:0042993]; protein localization to cell surface [GO:0034394]; protein localization to plasma membrane [GO:0072659]; protein stabilization [GO:0050821]; receptor clustering [GO:0043113]; regulation of cell migration [GO:0030334]; regulation of membrane repolarization during atrial cardiac muscle cell action potential [GO:1905000]; regulation of membrane repolarization during cardiac muscle cell action potential [GO:1905031]; semaphorin-plexin signaling pathway [GO:0071526]; wound healing, spreading of cells [GO:0044319]"
"CHOYP_FLNC.2.5|m.37450",31,"9",209.5,91,268,88.5,191.5,83.5,130,223.5,195.7857142857,61.7991314912,"0.3156467862",3819.1326530612,223.5,"#VALUE!","-0.5239838356","-0.9221614872",257.5,83.5,174,157.5,257.5,1370.5,"0.3601789709","0.3736017897",150.875,211.875,-61,174,127.5,16.2323818548,"high_abundance","high_variance","high_abundance-high_variance","CHOYP_FLNC.2.5|m.37450","P21333","FLNA_HUMAN","43.8","2413","1251","41","559","2905","273","2646","0","1793","1","P21333","FLNA_HUMAN","reviewed","Filamin-A (FLN-A) (Actin-binding protein 280) (ABP-280) (Alpha-filamin) (Endothelial actin-binding protein) (Filamin-1) (Non-muscle filamin)","FLNA FLN FLN1","Homo sapiens (Human)","2647","actin crosslink formation [GO:0051764]; actin cytoskeleton reorganization [GO:0031532]; adenylate cyclase-inhibiting dopamine receptor signaling pathway [GO:0007195]; cell junction assembly [GO:0034329]; cerebral cortex development [GO:0021987]; cilium assembly [GO:0060271]; cytoplasmic sequestering of protein [GO:0051220]; establishment of protein localization [GO:0045184]; formation of radial glial scaffolds [GO:0021943]; mitotic spindle assembly [GO:0090307]; mRNA transcription from RNA polymerase II promoter [GO:0042789]; negative regulation of apoptotic process [GO:0043066]; negative regulation of protein catabolic process [GO:0042177]; negative regulation of sequence-specific DNA binding transcription factor activity [GO:0043433]; negative regulation of transcription from RNA polymerase I promoter [GO:0016479]; platelet activation [GO:0030168]; platelet aggregation [GO:0070527]; platelet degranulation [GO:0002576]; positive regulation of I-kappaB kinase/NF-kappaB signaling [GO:0043123]; positive regulation of integrin-mediated signaling pathway [GO:2001046]; positive regulation of neural precursor cell proliferation [GO:2000179]; positive regulation of neuron migration [GO:2001224]; positive regulation of potassium ion transmembrane transport [GO:1901381]; positive regulation of substrate adhesion-dependent cell spreading [GO:1900026]; positive regulation of transcription factor import into nucleus [GO:0042993]; protein localization to cell surface [GO:0034394]; protein localization to plasma membrane [GO:0072659]; protein stabilization [GO:0050821]; receptor clustering [GO:0043113]; regulation of cell migration [GO:0030334]; regulation of membrane repolarization during atrial cardiac muscle cell action potential [GO:1905000]; regulation of membrane repolarization during cardiac muscle cell action potential [GO:1905031]; semaphorin-plexin signaling pathway [GO:0071526]; wound healing, spreading of cells [GO:0044319]","GO:0001664; GO:0001948; GO:0002576; GO:0003723; GO:0004871; GO:0005576; GO:0005634; GO:0005730; GO:0005737; GO:0005829; GO:0005884; GO:0005886; GO:0005911; GO:0005925; GO:0007195; GO:0008134; GO:0015459; GO:0015629; GO:0016020; GO:0016479; GO:0017048; GO:0017160; GO:0019900; GO:0021943; GO:0021987; GO:0030018; GO:0030168; GO:0030334; GO:0030863; GO:0031012; GO:0031267; GO:0031523; GO:0031532; GO:0034329; GO:0034394; GO:0034988; GO:0042177; GO:0042789; GO:0042803; GO:0042993; GO:0043025; GO:0043066; GO:0043113; GO:0043123; GO:0043198; GO:0043433; GO:0044319; GO:0044325; GO:0045184; GO:0045296; GO:0048365; GO:0048471; GO:0050821; GO:0051015; GO:0051020; GO:0051220; GO:0051764; GO:0060271; GO:0070062; GO:0070527; GO:0071526; GO:0072659; GO:0090307; GO:0097440; GO:1900026; GO:1901381; GO:1905000; GO:1905031; GO:2000179; GO:2001046; GO:2001224","","","cd00014;","PF00307;PF00630;","actin cytoskeleton [GO:0015629]; actin filament [GO:0005884]; apical dendrite [GO:0097440]; cell-cell junction [GO:0005911]; cortical cytoskeleton [GO:0030863]; cytoplasm [GO:0005737]; cytosol [GO:0005829]; dendritic shaft [GO:0043198]; extracellular exosome [GO:0070062]; extracellular matrix [GO:0031012]; extracellular region [GO:0005576]; focal adhesion [GO:0005925]; membrane [GO:0016020]; Myb complex [GO:0031523]; neuronal cell body [GO:0043025]; nucleolus [GO:0005730]; nucleus [GO:0005634]; perinuclear region of cytoplasm [GO:0048471]; plasma membrane [GO:0005886]; Z disc [GO:0030018]; actin filament binding [GO:0051015]; cadherin binding [GO:0045296]; Fc-gamma receptor I complex binding [GO:0034988]; G-protein coupled receptor binding [GO:0001664]; glycoprotein binding [GO:0001948]; GTPase binding [GO:0051020]; ion channel binding [GO:0044325]; kinase binding [GO:0019900]; potassium channel regulator activity [GO:0015459]; protein homodimerization activity [GO:0042803]; Rac GTPase binding [GO:0048365]; Ral GTPase binding [GO:0017160]; Rho GTPase binding [GO:0017048]; RNA binding [GO:0003723]; signal transducer activity [GO:0004871]; small GTPase binding [GO:0031267]; transcription factor binding [GO:0008134]; actin crosslink formation [GO:0051764]; actin cytoskeleton reorganization [GO:0031532]; adenylate cyclase-inhibiting dopamine receptor signaling pathway [GO:0007195]; cell junction assembly [GO:0034329]; cerebral cortex development [GO:0021987]; cilium assembly [GO:0060271]; cytoplasmic sequestering of protein [GO:0051220]; establishment of protein localization [GO:0045184]; formation of radial glial scaffolds [GO:0021943]; mitotic spindle assembly [GO:0090307]; mRNA transcription from RNA polymerase II promoter [GO:0042789]; negative regulation of apoptotic process [GO:0043066]; negative regulation of protein catabolic process [GO:0042177]; negative regulation of sequence-specific DNA binding transcription factor activity [GO:0043433]; negative regulation of transcription from RNA polymerase I promoter [GO:0016479]; platelet activation [GO:0030168]; platelet aggregation [GO:0070527]; platelet degranulation [GO:0002576]; positive regulation of I-kappaB kinase/NF-kappaB signaling [GO:0043123]; positive regulation of integrin-mediated signaling pathway [GO:2001046]; positive regulation of neural precursor cell proliferation [GO:2000179]; positive regulation of neuron migration [GO:2001224]; positive regulation of potassium ion transmembrane transport [GO:1901381]; positive regulation of substrate adhesion-dependent cell spreading [GO:1900026]; positive regulation of transcription factor import into nucleus [GO:0042993]; protein localization to cell surface [GO:0034394]; protein localization to plasma membrane [GO:0072659]; protein stabilization [GO:0050821]; receptor clustering [GO:0043113]; regulation of cell migration [GO:0030334]; regulation of membrane repolarization during atrial cardiac muscle cell action potential [GO:1905000]; regulation of membrane repolarization during cardiac muscle cell action potential [GO:1905031]; semaphorin-plexin signaling pathway [GO:0071526]; wound healing, spreading of cells [GO:0044319]"
"CHOYP_GELS2.2.2|m.30443",18,"3",60,64.5,58,56.5,53,78.5,65.5,69,71.2857142857,12.5267061651,"0.175725337",156.9183673469,69,"#VALUE!","0.0400411693","-0.1183301858",90,49.5,40.5,65.75,90,499,"0.918128655","1.0526315789",70.875,73.5,-2.625,40.5,19.5,5.9102214853,"low_abundance","high_variance","low_abundance-high_variance","CHOYP_GELS2.2.2|m.30443","Q8MPM1","GELS2_LUMTE","53.61","360","163","3","1","357","1","359","5.00E-133","391","1","Q8MPM1","GELS2_LUMTE","reviewed","Gelsolin-like protein 2 (Actin-modulator) (EWAM-P2)","gelsolin","Lumbricus terrestris (Common earthworm)","366","actin filament capping [GO:0051693]","GO:0005737; GO:0005856; GO:0051693","","","","PF00626;","cytoplasm [GO:0005737]; cytoskeleton [GO:0005856]; actin filament capping [GO:0051693]"
"CHOYP_GELS2.2.2|m.30443",16,"9",60,60,55.5,60,75.5,90,73.5,85.5,71.2857142857,12.5267061651,"0.175725337",156.9183673469,69,"#VALUE!","0.0400411693","-0.1183301858",90,49.5,40.5,65.75,90,499,"0.918128655","1.0526315789",70.875,73.5,-2.625,40.5,19.5,5.9102214853,"low_abundance","high_variance","low_abundance-high_variance","CHOYP_GELS2.2.2|m.30443","Q8MPM1","GELS2_LUMTE","53.61","360","163","3","1","357","1","359","5.00E-133","391","1","Q8MPM1","GELS2_LUMTE","reviewed","Gelsolin-like protein 2 (Actin-modulator) (EWAM-P2)","gelsolin","Lumbricus terrestris (Common earthworm)","366","actin filament capping [GO:0051693]","GO:0005737; GO:0005856; GO:0051693","","","","PF00626;","cytoplasm [GO:0005737]; cytoskeleton [GO:0005856]; actin filament capping [GO:0051693]"
"CHOYP_HSP7D.2.3|m.34782",14,"9",68.5,86,99,98,113.5,95,123.5,125,89.5714285714,26.5039465679,"0.2958973301",702.4591836735,93.5,"#VALUE!","-0.9527858627","-0.0520850437",125,47,78,71.5,125,627,"0.908","0.76",81.875,103.25,-21.375,66.5,54,7.4262702831,"low_abundance","high_variance","low_abundance-high_variance","CHOYP_HSP7D.2.3|m.34782","Q9U639","HSP7D_MANSE","89.2","611","62","1","8","618","6","612","0","1136","1","Q9U639","HSP7D_MANSE","reviewed","Heat shock 70 kDa protein cognate 4 (Hsc 70-4)","","Manduca sexta (Tobacco hawkmoth) (Tobacco hornworm)","652","","GO:0005524; GO:0005634","","","","PF00012;","nucleus [GO:0005634]; ATP binding [GO:0005524]"
"CHOYP_HSP7D.2.3|m.34782",16,"3",68.5,78.5,105.5,69,98,113.5,72,93.5,89.5714285714,26.5039465679,"0.2958973301",702.4591836735,93.5,"#VALUE!","-0.9527858627","-0.0520850437",125,47,78,71.5,125,627,"0.908","0.76",81.875,103.25,-21.375,66.5,54,7.4262702831,"low_abundance","high_variance","low_abundance-high_variance","CHOYP_HSP7D.2.3|m.34782","Q9U639","HSP7D_MANSE","89.2","611","62","1","8","618","6","612","0","1136","1","Q9U639","HSP7D_MANSE","reviewed","Heat shock 70 kDa protein cognate 4 (Hsc 70-4)","","Manduca sexta (Tobacco hawkmoth) (Tobacco hornworm)","652","","GO:0005524; GO:0005634","","","","PF00012;","nucleus [GO:0005634]; ATP binding [GO:0005524]"
"CHOYP_LDLR.6.7|m.57984",18,"9",27.5,43.5,53,43.5,70.5,64.5,43.5,48,42.5,11.3105513318,"0.2661306196",127.9285714286,40.5,"#VALUE!","1.9958592516","0.5533066",64.5,24,40.5,38.5,64.5,297.5,"1.4479166667","1.34375",48.875,42.875,6,45.5,8.5,3.5236290418,"low_abundance","high_variance","low_abundance-high_variance","None","None","None","None","None","None","None","None","None","None","None","None","None","None","None","None","None","None","None","None","None","None","None","None","None","None","None","None"
"CHOYP_LDLR.6.7|m.57984",16,"3",27.5,31,59,73,123.5,69.5,37.5,39.5,42.5,11.3105513318,"0.2661306196",127.9285714286,40.5,"#VALUE!","1.9958592516","0.5533066",64.5,24,40.5,38.5,64.5,297.5,"1.4479166667","1.34375",48.875,42.875,6,45.5,8.5,3.5236290418,"low_abundance","high_variance","low_abundance-high_variance","None","None","None","None","None","None","None","None","None","None","None","None","None","None","None","None","None","None","None","None","None","None","None","None","None","None","None","None"
"CHOYP_LOC100377364.2.2|m.52803",18,"3",24,28,67,69.5,68.5,63,53,62,65.5,18.8774241584,"0.288204949",356.3571428571,65.5,"#VALUE!","0.5568288479","-0.7284784462",90.5,29.5,61,57.5,90.5,458.5,"0.754491018","0.8922155689",55,75.375,-20.375,45,28.5,5.4305341703,"low_abundance","high_variance","low_abundance-high_variance","CHOYP_LOC100377364.2.2|m.52803","Q9NRC6","SPTN5_HUMAN","31.79","2671","1765","20","940","3591","862","3494","0","1273","1","Q9NRC6","SPTN5_HUMAN","reviewed","Spectrin beta chain, non-erythrocytic 5 (Beta-V spectrin)","SPTBN5 BSPECV HUBSPECV HUSPECV","Homo sapiens (Human)","3674","actin cytoskeleton organization [GO:0030036]; actin filament capping [GO:0051693]; axon guidance [GO:0007411]; ER to Golgi vesicle-mediated transport [GO:0006888]; Golgi organization [GO:0007030]; lysosomal transport [GO:0007041]; MAPK cascade [GO:0000165]; protein homooligomerization [GO:0051260]","GO:0000165; GO:0003779; GO:0005088; GO:0005737; GO:0005829; GO:0006888; GO:0007030; GO:0007041; GO:0007411; GO:0008091; GO:0016020; GO:0019894; GO:0030036; GO:0030507; GO:0032029; GO:0032391; GO:0034452; GO:0043621; GO:0045505; GO:0051260; GO:0051693; GO:0070062; GO:0097381","","","cd00014;","PF00307;PF00435;","cytoplasm [GO:0005737]; cytosol [GO:0005829]; extracellular exosome [GO:0070062]; membrane [GO:0016020]; photoreceptor connecting cilium [GO:0032391]; photoreceptor disc membrane [GO:0097381]; spectrin [GO:0008091]; actin binding [GO:0003779]; dynactin binding [GO:0034452]; dynein intermediate chain binding [GO:0045505]; kinesin binding [GO:0019894]; myosin tail binding [GO:0032029]; protein self-association [GO:0043621]; Ras guanyl-nucleotide exchange factor activity [GO:0005088]; spectrin binding [GO:0030507]; actin cytoskeleton organization [GO:0030036]; actin filament capping [GO:0051693]; axon guidance [GO:0007411]; ER to Golgi vesicle-mediated transport [GO:0006888]; Golgi organization [GO:0007030]; lysosomal transport [GO:0007041]; MAPK cascade [GO:0000165]; protein homooligomerization [GO:0051260]"
"CHOYP_LOC100377364.2.2|m.52803",16,"9",24,55,72,59.5,69,74.5,90.5,83.5,65.5,18.8774241584,"0.288204949",356.3571428571,65.5,"#VALUE!","0.5568288479","-0.7284784462",90.5,29.5,61,57.5,90.5,458.5,"0.754491018","0.8922155689",55,75.375,-20.375,45,28.5,5.4305341703,"low_abundance","high_variance","low_abundance-high_variance","CHOYP_LOC100377364.2.2|m.52803","Q9NRC6","SPTN5_HUMAN","31.79","2671","1765","20","940","3591","862","3494","0","1273","1","Q9NRC6","SPTN5_HUMAN","reviewed","Spectrin beta chain, non-erythrocytic 5 (Beta-V spectrin)","SPTBN5 BSPECV HUBSPECV HUSPECV","Homo sapiens (Human)","3674","actin cytoskeleton organization [GO:0030036]; actin filament capping [GO:0051693]; axon guidance [GO:0007411]; ER to Golgi vesicle-mediated transport [GO:0006888]; Golgi organization [GO:0007030]; lysosomal transport [GO:0007041]; MAPK cascade [GO:0000165]; protein homooligomerization [GO:0051260]","GO:0000165; GO:0003779; GO:0005088; GO:0005737; GO:0005829; GO:0006888; GO:0007030; GO:0007041; GO:0007411; GO:0008091; GO:0016020; GO:0019894; GO:0030036; GO:0030507; GO:0032029; GO:0032391; GO:0034452; GO:0043621; GO:0045505; GO:0051260; GO:0051693; GO:0070062; GO:0097381","","","cd00014;","PF00307;PF00435;","cytoplasm [GO:0005737]; cytosol [GO:0005829]; extracellular exosome [GO:0070062]; membrane [GO:0016020]; photoreceptor connecting cilium [GO:0032391]; photoreceptor disc membrane [GO:0097381]; spectrin [GO:0008091]; actin binding [GO:0003779]; dynactin binding [GO:0034452]; dynein intermediate chain binding [GO:0045505]; kinesin binding [GO:0019894]; myosin tail binding [GO:0032029]; protein self-association [GO:0043621]; Ras guanyl-nucleotide exchange factor activity [GO:0005088]; spectrin binding [GO:0030507]; actin cytoskeleton organization [GO:0030036]; actin filament capping [GO:0051693]; axon guidance [GO:0007411]; ER to Golgi vesicle-mediated transport [GO:0006888]; Golgi organization [GO:0007030]; lysosomal transport [GO:0007041]; MAPK cascade [GO:0000165]; protein homooligomerization [GO:0051260]"
"CHOYP_LOC100890099.1.1|m.11505",26,"3",85,0,0,0,102,0,0,87.5,38.9285714286,39.7361193837,"1.0207443511",1578.9591836735,26.5,"#VALUE!","-1.9248213056","0.4617119756",98.5,0,98.5,0,98.5,272.5,"#DIV/0!","#DIV/0!",31.25,36.875,-5.625,98.5,87.5,3.227525761,"low_abundance","high_variance","low_abundance-high_variance","CHOYP_LOC100890099.1.1|m.11505","P53486","ACTB3_TAKRU","82.86","280","10","1","1","280","119","360","2.00E-164","468","1","P53486","ACTB3_TAKRU","reviewed","Actin, cytoplasmic 3 (Beta-actin C) [Cleaved into: Actin, cytoplasmic 3, N-terminally processed]","actbc","Takifugu rubripes (Japanese pufferfish) (Fugu rubripes)","375","","GO:0005524; GO:0005737; GO:0005856","","","","PF00022;","cytoplasm [GO:0005737]; cytoskeleton [GO:0005856]; ATP binding [GO:0005524]"
"CHOYP_LOC100890099.1.1|m.11505",41,"9",85,0,21,47,0,98.5,0,0,38.9285714286,39.7361193837,"1.0207443511",1578.9591836735,26.5,"#VALUE!","-1.9248213056","0.4617119756",98.5,0,98.5,0,98.5,272.5,"#DIV/0!","#DIV/0!",31.25,36.875,-5.625,98.5,87.5,3.227525761,"low_abundance","high_variance","low_abundance-high_variance","CHOYP_LOC100890099.1.1|m.11505","P53486","ACTB3_TAKRU","82.86","280","10","1","1","280","119","360","2.00E-164","468","1","P53486","ACTB3_TAKRU","reviewed","Actin, cytoplasmic 3 (Beta-actin C) [Cleaved into: Actin, cytoplasmic 3, N-terminally processed]","actbc","Takifugu rubripes (Japanese pufferfish) (Fugu rubripes)","375","","GO:0005524; GO:0005737; GO:0005856","","","","PF00022;","cytoplasm [GO:0005737]; cytoskeleton [GO:0005856]; ATP binding [GO:0005524]"
"CHOYP_LOC752782.1.1|m.53937",25,"3",0,104,177,0,0,0,0,0,15.5714285714,35.946814454,"2.30851102",1292.1734693878,0,"#VALUE!","6.9366293238","2.6306492786",103.5,0,103.5,0,103.5,109,"#DIV/0!","#DIV/0!",0,27.25,-27.25,0,103.5,1.2910103044,"low_abundance","high_variance","low_abundance-high_variance","CHOYP_LOC752782.1.1|m.53937","O17320","ACT_CRAGI","99.2","376","3","0","58","433","1","376","0","783","1","O17320","ACT_CRAGI","reviewed","Actin","","Crassostrea gigas (Pacific oyster) (Crassostrea angulata)","376","","GO:0005524; GO:0005737; GO:0005856","","","","PF00022;","cytoplasm [GO:0005737]; cytoskeleton [GO:0005856]; ATP binding [GO:0005524]"
"CHOYP_LOC752782.1.1|m.53937",39,"9",0,219,117.5,0,73.5,0,103.5,0,15.5714285714,35.946814454,"2.30851102",1292.1734693878,0,"#VALUE!","6.9366293238","2.6306492786",103.5,0,103.5,0,103.5,109,"#DIV/0!","#DIV/0!",0,27.25,-27.25,0,103.5,1.2910103044,"low_abundance","high_variance","low_abundance-high_variance","CHOYP_LOC752782.1.1|m.53937","O17320","ACT_CRAGI","99.2","376","3","0","58","433","1","376","0","783","1","O17320","ACT_CRAGI","reviewed","Actin","","Crassostrea gigas (Pacific oyster) (Crassostrea angulata)","376","","GO:0005524; GO:0005737; GO:0005856","","","","PF00022;","cytoplasm [GO:0005737]; cytoskeleton [GO:0005856]; ATP binding [GO:0005524]"
"CHOYP_MBCDH18.1.1|m.34344",34,"9",273.5,189,170.5,143,58.5,53.5,92.5,24,75.6428571429,32.1044214642,"0.4244210581",1030.693877551,88,"#VALUE!","-0.9571961976","-0.2019291516",124,24,100,51,124,529.5,"3.0833333333","2.2291666667",75,75.875,-0.875,75.5,75,6.2714674879,"low_abundance","high_variance","low_abundance-high_variance","CHOYP_MBCDH18.1.1|m.34344","Q2PZL6","FAT4_MOUSE","27.01","3717","2418","143","796","4407","81","3607","0","733","1","Q2PZL6","FAT4_MOUSE","reviewed","Protocadherin Fat 4 (FAT tumor suppressor homolog 4) (Fat-like cadherin protein FAT-J)","Fat4 Fatj","Mus musculus (Mouse)","4981","branching involved in ureteric bud morphogenesis [GO:0001658]; cerebral cortex development [GO:0021987]; condensed mesenchymal cell proliferation [GO:0072137]; digestive tract development [GO:0048565]; establishment of planar polarity [GO:0001736]; fibroblast growth factor receptor signaling pathway [GO:0008543]; heart morphogenesis [GO:0003007]; heterophilic cell-cell adhesion via plasma membrane cell adhesion molecules [GO:0007157]; hippo signaling [GO:0035329]; homophilic cell adhesion via plasma membrane adhesion molecules [GO:0007156]; inner ear receptor stereocilium organization [GO:0060122]; kidney development [GO:0001822]; nephron development [GO:0072006]; neurogenesis [GO:0022008]; Notch signaling pathway [GO:0007219]; ossification involved in bone maturation [GO:0043931]; plasma membrane organization [GO:0007009]; regulation of metanephric nephron tubule epithelial cell differentiation [GO:0072307]","GO:0001658; GO:0001736; GO:0001822; GO:0003007; GO:0005509; GO:0005622; GO:0005886; GO:0007009; GO:0007156; GO:0007157; GO:0007219; GO:0008543; GO:0016021; GO:0021987; GO:0022008; GO:0035329; GO:0043931; GO:0045177; GO:0048565; GO:0060122; GO:0070062; GO:0072006; GO:0072137; GO:0072307","","","","PF00028;PF00008;PF07645;PF12661;PF02210;","apical part of cell [GO:0045177]; extracellular exosome [GO:0070062]; integral component of membrane [GO:0016021]; intracellular [GO:0005622]; plasma membrane [GO:0005886]; calcium ion binding [GO:0005509]; branching involved in ureteric bud morphogenesis [GO:0001658]; cerebral cortex development [GO:0021987]; condensed mesenchymal cell proliferation [GO:0072137]; digestive tract development [GO:0048565]; establishment of planar polarity [GO:0001736]; fibroblast growth factor receptor signaling pathway [GO:0008543]; heart morphogenesis [GO:0003007]; heterophilic cell-cell adhesion via plasma membrane cell adhesion molecules [GO:0007157]; hippo signaling [GO:0035329]; homophilic cell adhesion via plasma membrane adhesion molecules [GO:0007156]; inner ear receptor stereocilium organization [GO:0060122]; kidney development [GO:0001822]; nephron development [GO:0072006]; neurogenesis [GO:0022008]; Notch signaling pathway [GO:0007219]; ossification involved in bone maturation [GO:0043931]; plasma membrane organization [GO:0007009]; regulation of metanephric nephron tubule epithelial cell differentiation [GO:0072307]"
"CHOYP_MBCDH18.1.1|m.34344",11,"3",273.5,247.5,202.5,203,157.5,74,124,88,75.6428571429,32.1044214642,"0.4244210581",1030.693877551,88,"#VALUE!","-0.9571961976","-0.2019291516",124,24,100,51,124,529.5,"3.0833333333","2.2291666667",75,75.875,-0.875,75.5,75,6.2714674879,"low_abundance","high_variance","low_abundance-high_variance","CHOYP_MBCDH18.1.1|m.34344","Q2PZL6","FAT4_MOUSE","27.01","3717","2418","143","796","4407","81","3607","0","733","1","Q2PZL6","FAT4_MOUSE","reviewed","Protocadherin Fat 4 (FAT tumor suppressor homolog 4) (Fat-like cadherin protein FAT-J)","Fat4 Fatj","Mus musculus (Mouse)","4981","branching involved in ureteric bud morphogenesis [GO:0001658]; cerebral cortex development [GO:0021987]; condensed mesenchymal cell proliferation [GO:0072137]; digestive tract development [GO:0048565]; establishment of planar polarity [GO:0001736]; fibroblast growth factor receptor signaling pathway [GO:0008543]; heart morphogenesis [GO:0003007]; heterophilic cell-cell adhesion via plasma membrane cell adhesion molecules [GO:0007157]; hippo signaling [GO:0035329]; homophilic cell adhesion via plasma membrane adhesion molecules [GO:0007156]; inner ear receptor stereocilium organization [GO:0060122]; kidney development [GO:0001822]; nephron development [GO:0072006]; neurogenesis [GO:0022008]; Notch signaling pathway [GO:0007219]; ossification involved in bone maturation [GO:0043931]; plasma membrane organization [GO:0007009]; regulation of metanephric nephron tubule epithelial cell differentiation [GO:0072307]","GO:0001658; GO:0001736; GO:0001822; GO:0003007; GO:0005509; GO:0005622; GO:0005886; GO:0007009; GO:0007156; GO:0007157; GO:0007219; GO:0008543; GO:0016021; GO:0021987; GO:0022008; GO:0035329; GO:0043931; GO:0045177; GO:0048565; GO:0060122; GO:0070062; GO:0072006; GO:0072137; GO:0072307","","","","PF00028;PF00008;PF07645;PF12661;PF02210;","apical part of cell [GO:0045177]; extracellular exosome [GO:0070062]; integral component of membrane [GO:0016021]; intracellular [GO:0005622]; plasma membrane [GO:0005886]; calcium ion binding [GO:0005509]; branching involved in ureteric bud morphogenesis [GO:0001658]; cerebral cortex development [GO:0021987]; condensed mesenchymal cell proliferation [GO:0072137]; digestive tract development [GO:0048565]; establishment of planar polarity [GO:0001736]; fibroblast growth factor receptor signaling pathway [GO:0008543]; heart morphogenesis [GO:0003007]; heterophilic cell-cell adhesion via plasma membrane cell adhesion molecules [GO:0007157]; hippo signaling [GO:0035329]; homophilic cell adhesion via plasma membrane adhesion molecules [GO:0007156]; inner ear receptor stereocilium organization [GO:0060122]; kidney development [GO:0001822]; nephron development [GO:0072006]; neurogenesis [GO:0022008]; Notch signaling pathway [GO:0007219]; ossification involved in bone maturation [GO:0043931]; plasma membrane organization [GO:0007009]; regulation of metanephric nephron tubule epithelial cell differentiation [GO:0072307]"
"CHOYP_MVP.1.1|m.56230",18,"3",73,73,69.5,67,67,65.5,54.5,59,59.4285714286,14.3487893253,"0.2414459742",205.887755102,61,"#VALUE!","2.5013928939","-1.3017647008",76.5,29,47.5,56.75,76.5,416,"0.8562091503","0.8235294118",53,67.375,-14.375,36.5,17.5,4.9271585929,"low_abundance","high_variance","low_abundance-high_variance","CHOYP_MVP.1.1|m.56230","Q5EAJ7","MVP_STRPU","75.59","852","205","3","4","854","8","857","0","1347","1","Q5EAJ7","MVP_STRPU","reviewed","Major vault protein (MVP)","MVP","Strongylocentrotus purpuratus (Purple sea urchin)","857","regulation of signaling [GO:0023051]","GO:0005634; GO:0005737; GO:0023051; GO:0030529","","","cd08825;","PF11978;PF01505;","cytoplasm [GO:0005737]; intracellular ribonucleoprotein complex [GO:0030529]; nucleus [GO:0005634]; regulation of signaling [GO:0023051]"
"CHOYP_MVP.1.1|m.56230",16,"9",73,67,52.5,52,61.5,63,73,76.5,59.4285714286,14.3487893253,"0.2414459742",205.887755102,61,"#VALUE!","2.5013928939","-1.3017647008",76.5,29,47.5,56.75,76.5,416,"0.8562091503","0.8235294118",53,67.375,-14.375,36.5,17.5,4.9271585929,"low_abundance","high_variance","low_abundance-high_variance","CHOYP_MVP.1.1|m.56230","Q5EAJ7","MVP_STRPU","75.59","852","205","3","4","854","8","857","0","1347","1","Q5EAJ7","MVP_STRPU","reviewed","Major vault protein (MVP)","MVP","Strongylocentrotus purpuratus (Purple sea urchin)","857","regulation of signaling [GO:0023051]","GO:0005634; GO:0005737; GO:0023051; GO:0030529","","","cd08825;","PF11978;PF01505;","cytoplasm [GO:0005737]; intracellular ribonucleoprotein complex [GO:0030529]; nucleus [GO:0005634]; regulation of signaling [GO:0023051]"
"CHOYP_MYS.4.7|m.18188",2,"3",254,302.5,310,288,275.5,293.5,243.5,223.5,260.7142857143,95.3178356653,"0.3656026573",9085.4897959184,243.5,"#VALUE!","-1.7088840478","-0.2017672773",379,115.5,263.5,191.75,379,1825,"0.8164116829","0.9568845619",260.25,269.375,-9.125,184,263.5,21.6155395002,"high_abundance","high_variance","high_abundance-high_variance","CHOYP_MYS.4.7|m.18188","P24733","MYS_ARGIR","76.84","1926","438","2","7","1932","3","1920","0","2991","1","P24733","MYS_ARGIR","reviewed","Myosin heavy chain, striated muscle","","Argopecten irradians (Bay scallop) (Aequipecten irradians)","1938","","GO:0003774; GO:0005524; GO:0030016; GO:0032982","","","","PF00063;PF02736;PF01576;","myofibril [GO:0030016]; myosin filament [GO:0032982]; ATP binding [GO:0005524]; motor activity [GO:0003774]"
"CHOYP_MYS.4.7|m.18188",29,"9",254,318,298.5,259.5,325,344,379,359.5,260.7142857143,95.3178356653,"0.3656026573",9085.4897959184,243.5,"#VALUE!","-1.7088840478","-0.2017672773",379,115.5,263.5,191.75,379,1825,"0.8164116829","0.9568845619",260.25,269.375,-9.125,184,263.5,21.6155395002,"high_abundance","high_variance","high_abundance-high_variance","CHOYP_MYS.4.7|m.18188","P24733","MYS_ARGIR","76.84","1926","438","2","7","1932","3","1920","0","2991","1","P24733","MYS_ARGIR","reviewed","Myosin heavy chain, striated muscle","","Argopecten irradians (Bay scallop) (Aequipecten irradians)","1938","","GO:0003774; GO:0005524; GO:0030016; GO:0032982","","","","PF00063;PF02736;PF01576;","myofibril [GO:0030016]; myosin filament [GO:0032982]; ATP binding [GO:0005524]; motor activity [GO:0003774]"
"CHOYP_MYS.7.7|m.44341",9,"3",168.5,202,143.5,135.5,122,119.5,123.5,91,109.1428571429,46.3709532587,"0.424864755",2150.2653061225,123.5,"#VALUE!","-1.1259115821","-0.262043998",177.5,38.5,139,72.75,177.5,764,"0.8356643357","0.951048951",108.375,112.5,-4.125,81.5,139,9.048916262,"low_abundance","high_variance","low_abundance-high_variance","CHOYP_MYS.7.7|m.44341","P24733","MYS_ARGIR","79.13","939","189","4","4","938","3","938","0","1541","1","P24733","MYS_ARGIR","reviewed","Myosin heavy chain, striated muscle","","Argopecten irradians (Bay scallop) (Aequipecten irradians)","1938","","GO:0003774; GO:0005524; GO:0030016; GO:0032982","","","","PF00063;PF02736;PF01576;","myofibril [GO:0030016]; myosin filament [GO:0032982]; ATP binding [GO:0005524]; motor activity [GO:0003774]"
"CHOYP_MYS.7.7|m.44341",12,"9",168.5,155,121,107.5,130,136,177.5,143,109.1428571429,46.3709532587,"0.424864755",2150.2653061225,123.5,"#VALUE!","-1.1259115821","-0.262043998",177.5,38.5,139,72.75,177.5,764,"0.8356643357","0.951048951",108.375,112.5,-4.125,81.5,139,9.048916262,"low_abundance","high_variance","low_abundance-high_variance","CHOYP_MYS.7.7|m.44341","P24733","MYS_ARGIR","79.13","939","189","4","4","938","3","938","0","1541","1","P24733","MYS_ARGIR","reviewed","Myosin heavy chain, striated muscle","","Argopecten irradians (Bay scallop) (Aequipecten irradians)","1938","","GO:0003774; GO:0005524; GO:0030016; GO:0032982","","","","PF00063;PF02736;PF01576;","myofibril [GO:0030016]; myosin filament [GO:0032982]; ATP binding [GO:0005524]; motor activity [GO:0003774]"
"CHOYP_MYS.7.7|m.44342",4,"9",195.5,172.5,147,146.5,199.5,189,193.5,188.5,139.0714285714,50.757426319,"0.3649737897",2576.3163265306,144.5,"#VALUE!","-1.5302474214","-0.4379117841",193.5,56.5,137,100.75,193.5,973.5,"0.8938992042","1.0026525199",147.375,138.125,9.25,101.5,137,11.5302617553,"high_abundance","high_variance","high_abundance-high_variance","CHOYP_MYS.7.7|m.44342","Q8T305","MYSP_TAESA","37.25","851","529","2","150","995","4","854","2.00E-153","483","1","Q8T305","MYSP_TAESA","reviewed","Paramyosin","PMY","Taenia saginata (Beef tapeworm) (Cysticercus bovis)","863","","GO:0003774; GO:0030016; GO:0032982","","","","PF01576;","myofibril [GO:0030016]; myosin filament [GO:0032982]; motor activity [GO:0003774]"
"CHOYP_MYS.7.7|m.44342",9,"3",195.5,216,145,137,143.5,168.5,144.5,114,139.0714285714,50.757426319,"0.3649737897",2576.3163265306,144.5,"#VALUE!","-1.5302474214","-0.4379117841",193.5,56.5,137,100.75,193.5,973.5,"0.8938992042","1.0026525199",147.375,138.125,9.25,101.5,137,11.5302617553,"high_abundance","high_variance","high_abundance-high_variance","CHOYP_MYS.7.7|m.44342","Q8T305","MYSP_TAESA","37.25","851","529","2","150","995","4","854","2.00E-153","483","1","Q8T305","MYSP_TAESA","reviewed","Paramyosin","PMY","Taenia saginata (Beef tapeworm) (Cysticercus bovis)","863","","GO:0003774; GO:0030016; GO:0032982","","","","PF01576;","myofibril [GO:0030016]; myosin filament [GO:0032982]; motor activity [GO:0003774]"
"CHOYP_MYSP.1.9|m.1097",40,"9",86,21.5,52,9,80.5,77.5,132,25,48.6428571429,38.6095050156,"0.7937343175",1490.693877551,32,"#VALUE!","2.4170707471","1.7292691233",132,18.5,113.5,24.25,132,340.5,"2.18","3.1",46.875,51.875,-5,54,113.5,4.0329266848,"low_abundance","high_variance","low_abundance-high_variance","None","None","None","None","None","None","None","None","None","None","None","None","None","None","None","None","None","None","None","None","None","None","None","None","None","None","None","None"
"CHOYP_MYSP.1.9|m.1097",18,"3",86,19.5,11.5,43.5,23,54.5,23.5,18.5,48.6428571429,38.6095050156,"0.7937343175",1490.693877551,32,"#VALUE!","2.4170707471","1.7292691233",132,18.5,113.5,24.25,132,340.5,"2.18","3.1",46.875,51.875,-5,54,113.5,4.0329266848,"low_abundance","high_variance","low_abundance-high_variance","None","None","None","None","None","None","None","None","None","None","None","None","None","None","None","None","None","None","None","None","None","None","None","None","None","None","None","None"
"CHOYP_MYSP.4.9|m.2302",13,"3",45.5,156,180,135.5,145.5,76,134.5,123,100.8571428571,41.8190953357,"0.4146369226",1748.8367346939,109.5,"#VALUE!","-0.6185966052","-0.3826552884",161.5,30.5,131,73.5,161.5,706,"0.4705882353","0.5448916409",82.25,113.25,-31,104,102.5,8.3619566505,"low_abundance","high_variance","low_abundance-high_variance","None","None","None","None","None","None","None","None","None","None","None","None","None","None","None","None","None","None","None","None","None","None","None","None","None","None","None","None"
"CHOYP_MYSP.4.9|m.2302",35,"9",45.5,198.5,90,175.5,72.5,88,109.5,161.5,100.8571428571,41.8190953357,"0.4146369226",1748.8367346939,109.5,"#VALUE!","-0.6185966052","-0.3826552884",161.5,30.5,131,73.5,161.5,706,"0.4705882353","0.5448916409",82.25,113.25,-31,104,102.5,8.3619566505,"low_abundance","high_variance","low_abundance-high_variance","None","None","None","None","None","None","None","None","None","None","None","None","None","None","None","None","None","None","None","None","None","None","None","None","None","None","None","None"
"CHOYP_MYSP.8.9|m.44813",12,"3",102,133.5,125.5,130.5,127.5,100,114,113.5,95.5,40.9912882731,"0.4292281495",1680.2857142857,113.5,"#VALUE!","4.9760019405","-2.1443020688",131.5,0,131.5,94.75,131.5,668.5,"0.7604562738","0.7680608365",108.75,83.375,25.375,20,131.5,7.9178017292,"low_abundance","high_variance","low_abundance-high_variance","CHOYP_MYSP.8.9|m.44813","O96064","MYSP_MYTGA","79.36","688","142","0","12","699","177","864","0","998","1","O96064","MYSP_MYTGA","reviewed","Paramyosin","","Mytilus galloprovincialis (Mediterranean mussel)","864","","GO:0003774; GO:0030016; GO:0032982","","","","PF01576;","myofibril [GO:0030016]; myosin filament [GO:0032982]; motor activity [GO:0003774]"
"CHOYP_MYSP.8.9|m.44813",15,"9",102,69.5,139,125.5,117,101,0,131.5,95.5,40.9912882731,"0.4292281495",1680.2857142857,113.5,"#VALUE!","4.9760019405","-2.1443020688",131.5,0,131.5,94.75,131.5,668.5,"0.7604562738","0.7680608365",108.75,83.375,25.375,20,131.5,7.9178017292,"low_abundance","high_variance","low_abundance-high_variance","CHOYP_MYSP.8.9|m.44813","O96064","MYSP_MYTGA","79.36","688","142","0","12","699","177","864","0","998","1","O96064","MYSP_MYTGA","reviewed","Paramyosin","","Mytilus galloprovincialis (Mediterranean mussel)","864","","GO:0003774; GO:0030016; GO:0032982","","","","PF01576;","myofibril [GO:0030016]; myosin filament [GO:0032982]; motor activity [GO:0003774]"
"CHOYP_PAN2.1.1|m.44691",37,"9",80,93,0,0,60,188,0,146.5,47.7857142857,76.3655948817,"1.5980841978",5831.7040816327,0,"#VALUE!","-0.2832277982","1.3192503216",188,0,188,0,188,334.5,"0.409556314","1.2832764505",62,36.625,25.375,188,146.5,3.9618618974,"high_abundance","high_variance","high_abundance-high_variance","CHOYP_PAN2.1.1|m.44691","Q25381","ACTM_LYTPI","71.3","108","30","1","13","120","27","133","1.00E-46","159","1","Q25381","ACTM_LYTPI","reviewed","Actin, muscle (LPM) (Fragment)","","Lytechinus pictus (Painted sea urchin)","172","","GO:0005524; GO:0005737; GO:0005856","","","","PF00022;","cytoplasm [GO:0005737]; cytoskeleton [GO:0005856]; ATP binding [GO:0005524]"
"CHOYP_PAN2.1.1|m.44691",22,"3",80,113.5,0,103,0,60,0,0,47.7857142857,76.3655948817,"1.5980841978",5831.7040816327,0,"#VALUE!","-0.2832277982","1.3192503216",188,0,188,0,188,334.5,"0.409556314","1.2832764505",62,36.625,25.375,188,146.5,3.9618618974,"high_abundance","high_variance","high_abundance-high_variance","CHOYP_PAN2.1.1|m.44691","Q25381","ACTM_LYTPI","71.3","108","30","1","13","120","27","133","1.00E-46","159","1","Q25381","ACTM_LYTPI","reviewed","Actin, muscle (LPM) (Fragment)","","Lytechinus pictus (Painted sea urchin)","172","","GO:0005524; GO:0005737; GO:0005856","","","","PF00022;","cytoplasm [GO:0005737]; cytoskeleton [GO:0005856]; ATP binding [GO:0005524]"
"CHOYP_PCKG.1.2|m.43785",16,"9",66.5,57,61.5,51.5,63,66,80.5,80.5,65.5714285714,12.2165829085,"0.1863095433",149.2448979592,65.5,"#VALUE!","1.3002021673","-0.7470738582",80.5,41.5,39,62.5,80.5,459,"0.6708074534","0.8198757764",55.875,72.375,-16.5,24.5,17.5,5.4364562359,"low_abundance","high_variance","low_abundance-high_variance","CHOYP_PCKG.1.2|m.43785","P29190","PCKG_HAECO","66.4","619","206","2","16","633","1","618","0","889","1","P29190","PCKG_HAECO","reviewed","Phosphoenolpyruvate carboxykinase [GTP] (PEPCK) (EC 4.1.1.32)","PEPCK","Haemonchus contortus (Barber pole worm)","619","gluconeogenesis [GO:0006094]","GO:0004613; GO:0005525; GO:0006094; GO:0046872","","","","PF00821;","GTP binding [GO:0005525]; metal ion binding [GO:0046872]; phosphoenolpyruvate carboxykinase (GTP) activity [GO:0004613]; gluconeogenesis [GO:0006094]"
"CHOYP_PCKG.1.2|m.43785",18,"3",66.5,58,57,53.5,48.5,54,62,65.5,65.5714285714,12.2165829085,"0.1863095433",149.2448979592,65.5,"#VALUE!","1.3002021673","-0.7470738582",80.5,41.5,39,62.5,80.5,459,"0.6708074534","0.8198757764",55.875,72.375,-16.5,24.5,17.5,5.4364562359,"low_abundance","high_variance","low_abundance-high_variance","CHOYP_PCKG.1.2|m.43785","P29190","PCKG_HAECO","66.4","619","206","2","16","633","1","618","0","889","1","P29190","PCKG_HAECO","reviewed","Phosphoenolpyruvate carboxykinase [GTP] (PEPCK) (EC 4.1.1.32)","PEPCK","Haemonchus contortus (Barber pole worm)","619","gluconeogenesis [GO:0006094]","GO:0004613; GO:0005525; GO:0006094; GO:0046872","","","","PF00821;","GTP binding [GO:0005525]; metal ion binding [GO:0046872]; phosphoenolpyruvate carboxykinase (GTP) activity [GO:0004613]; gluconeogenesis [GO:0006094]"
"CHOYP_PHUM_PHUM226120.2.7|m.2274",24,"3",23,13.5,20,35,19.5,21.5,200.5,104.5,73.9285714286,57.8331519925,"0.7822841815",3344.6734693878,52,"#VALUE!","2.9304625829","1.6851505326",200.5,22,178.5,35.25,200.5,517.5,"0.8958333333","2.1666666667",85.5,49.25,36.25,179,82.5,6.1293379131,"high_abundance","high_variance","high_abundance-high_variance","CHOYP_PHUM_PHUM226120.2.7|m.2274","Q8WZ42","TITIN_HUMAN","31.58","2486","1574","57","1398","3814","18470","20897","0","1040","1","Q8WZ42","TITIN_HUMAN","reviewed","Titin (EC 2.7.11.1) (Connectin) (Rhabdomyosarcoma antigen MU-RMS-40.14)","TTN","Homo sapiens (Human)","34350","cardiac muscle contraction [GO:0060048]; cardiac muscle fiber development [GO:0048739]; cardiac muscle hypertrophy [GO:0003300]; cardiac muscle tissue morphogenesis [GO:0055008]; cardiac myofibril assembly [GO:0055003]; detection of muscle stretch [GO:0035995]; mitotic chromosome condensation [GO:0007076]; muscle contraction [GO:0006936]; muscle filament sliding [GO:0030049]; platelet degranulation [GO:0002576]; regulation of catalytic activity [GO:0050790]; regulation of protein kinase activity [GO:0045859]; response to calcium ion [GO:0051592]; sarcomere organization [GO:0045214]; sarcomerogenesis [GO:0048769]; skeletal muscle myosin thick filament assembly [GO:0030241]; skeletal muscle thin filament assembly [GO:0030240]; striated muscle contraction [GO:0006941]","GO:0000794; GO:0002020; GO:0002576; GO:0003300; GO:0004674; GO:0004713; GO:0005509; GO:0005516; GO:0005524; GO:0005576; GO:0005829; GO:0005859; GO:0005865; GO:0006936; GO:0006941; GO:0007076; GO:0008307; GO:0019899; GO:0019901; GO:0030018; GO:0030049; GO:0030240; GO:0030241; GO:0031430; GO:0031433; GO:0031674; GO:0035995; GO:0042802; GO:0042805; GO:0043621; GO:0045214; GO:0045859; GO:0048739; GO:0048769; GO:0050790; GO:0051015; GO:0051371; GO:0051592; GO:0055003; GO:0055008; GO:0060048; GO:0070062; GO:0097493","","","cd00063;","PF00041;PF07679;PF00069;PF02818;PF09042;","condensed nuclear chromosome [GO:0000794]; cytosol [GO:0005829]; extracellular exosome [GO:0070062]; extracellular region [GO:0005576]; I band [GO:0031674]; M band [GO:0031430]; muscle myosin complex [GO:0005859]; striated muscle thin filament [GO:0005865]; Z disc [GO:0030018]; actin filament binding [GO:0051015]; actinin binding [GO:0042805]; ATP binding [GO:0005524]; calcium ion binding [GO:0005509]; calmodulin binding [GO:0005516]; enzyme binding [GO:0019899]; identical protein binding [GO:0042802]; muscle alpha-actinin binding [GO:0051371]; protease binding [GO:0002020]; protein kinase binding [GO:0019901]; protein self-association [GO:0043621]; protein serine/threonine kinase activity [GO:0004674]; protein tyrosine kinase activity [GO:0004713]; structural constituent of muscle [GO:0008307]; structural molecule activity conferring elasticity [GO:0097493]; telethonin binding [GO:0031433]; cardiac muscle contraction [GO:0060048]; cardiac muscle fiber development [GO:0048739]; cardiac muscle hypertrophy [GO:0003300]; cardiac muscle tissue morphogenesis [GO:0055008]; cardiac myofibril assembly [GO:0055003]; detection of muscle stretch [GO:0035995]; mitotic chromosome condensation [GO:0007076]; muscle contraction [GO:0006936]; muscle filament sliding [GO:0030049]; platelet degranulation [GO:0002576]; regulation of catalytic activity [GO:0050790]; regulation of protein kinase activity [GO:0045859]; response to calcium ion [GO:0051592]; sarcomere organization [GO:0045214]; sarcomerogenesis [GO:0048769]; skeletal muscle myosin thick filament assembly [GO:0030241]; skeletal muscle thin filament assembly [GO:0030240]; striated muscle contraction [GO:0006941]"
"CHOYP_PHUM_PHUM226120.2.7|m.2274",18,"9",23,22.5,25.5,34,24.5,52,22,24,73.9285714286,57.8331519925,"0.7822841815",3344.6734693878,52,"#VALUE!","2.9304625829","1.6851505326",200.5,22,178.5,35.25,200.5,517.5,"0.8958333333","2.1666666667",85.5,49.25,36.25,179,82.5,6.1293379131,"high_abundance","high_variance","high_abundance-high_variance","CHOYP_PHUM_PHUM226120.2.7|m.2274","Q8WZ42","TITIN_HUMAN","31.58","2486","1574","57","1398","3814","18470","20897","0","1040","1","Q8WZ42","TITIN_HUMAN","reviewed","Titin (EC 2.7.11.1) (Connectin) (Rhabdomyosarcoma antigen MU-RMS-40.14)","TTN","Homo sapiens (Human)","34350","cardiac muscle contraction [GO:0060048]; cardiac muscle fiber development [GO:0048739]; cardiac muscle hypertrophy [GO:0003300]; cardiac muscle tissue morphogenesis [GO:0055008]; cardiac myofibril assembly [GO:0055003]; detection of muscle stretch [GO:0035995]; mitotic chromosome condensation [GO:0007076]; muscle contraction [GO:0006936]; muscle filament sliding [GO:0030049]; platelet degranulation [GO:0002576]; regulation of catalytic activity [GO:0050790]; regulation of protein kinase activity [GO:0045859]; response to calcium ion [GO:0051592]; sarcomere organization [GO:0045214]; sarcomerogenesis [GO:0048769]; skeletal muscle myosin thick filament assembly [GO:0030241]; skeletal muscle thin filament assembly [GO:0030240]; striated muscle contraction [GO:0006941]","GO:0000794; GO:0002020; GO:0002576; GO:0003300; GO:0004674; GO:0004713; GO:0005509; GO:0005516; GO:0005524; GO:0005576; GO:0005829; GO:0005859; GO:0005865; GO:0006936; GO:0006941; GO:0007076; GO:0008307; GO:0019899; GO:0019901; GO:0030018; GO:0030049; GO:0030240; GO:0030241; GO:0031430; GO:0031433; GO:0031674; GO:0035995; GO:0042802; GO:0042805; GO:0043621; GO:0045214; GO:0045859; GO:0048739; GO:0048769; GO:0050790; GO:0051015; GO:0051371; GO:0051592; GO:0055003; GO:0055008; GO:0060048; GO:0070062; GO:0097493","","","cd00063;","PF00041;PF07679;PF00069;PF02818;PF09042;","condensed nuclear chromosome [GO:0000794]; cytosol [GO:0005829]; extracellular exosome [GO:0070062]; extracellular region [GO:0005576]; I band [GO:0031674]; M band [GO:0031430]; muscle myosin complex [GO:0005859]; striated muscle thin filament [GO:0005865]; Z disc [GO:0030018]; actin filament binding [GO:0051015]; actinin binding [GO:0042805]; ATP binding [GO:0005524]; calcium ion binding [GO:0005509]; calmodulin binding [GO:0005516]; enzyme binding [GO:0019899]; identical protein binding [GO:0042802]; muscle alpha-actinin binding [GO:0051371]; protease binding [GO:0002020]; protein kinase binding [GO:0019901]; protein self-association [GO:0043621]; protein serine/threonine kinase activity [GO:0004674]; protein tyrosine kinase activity [GO:0004713]; structural constituent of muscle [GO:0008307]; structural molecule activity conferring elasticity [GO:0097493]; telethonin binding [GO:0031433]; cardiac muscle contraction [GO:0060048]; cardiac muscle fiber development [GO:0048739]; cardiac muscle hypertrophy [GO:0003300]; cardiac muscle tissue morphogenesis [GO:0055008]; cardiac myofibril assembly [GO:0055003]; detection of muscle stretch [GO:0035995]; mitotic chromosome condensation [GO:0007076]; muscle contraction [GO:0006936]; muscle filament sliding [GO:0030049]; platelet degranulation [GO:0002576]; regulation of catalytic activity [GO:0050790]; regulation of protein kinase activity [GO:0045859]; response to calcium ion [GO:0051592]; sarcomere organization [GO:0045214]; sarcomerogenesis [GO:0048769]; skeletal muscle myosin thick filament assembly [GO:0030241]; skeletal muscle thin filament assembly [GO:0030240]; striated muscle contraction [GO:0006941]"
"CHOYP_PHUM_PHUM226120.7.7|m.54053",3,"3",179,250,251,239.5,215,245.5,42.5,130.5,196.2142857143,94.3378643656,"0.4807899895",8899.6326530612,188,"#VALUE!","-1.4704064806","-0.2701887653",307,42.5,264.5,129.25,307,1373.5,"0.8196994992","0.9282136895",173.5,231.25,-57.75,235.5,176.5,16.2679142485,"high_abundance","high_variance","high_abundance-high_variance","CHOYP_PHUM_PHUM226120.7.7|m.54053","Q23551","UNC22_CAEEL","42.4","3344","1854","37","1383","4699","3842","7140","0","2639","1","Q23551","UNC22_CAEEL","reviewed","Twitchin (EC 2.7.11.1) (Uncoordinated protein 22)","unc-22 ZK617.1","Caenorhabditis elegans","7158","adult locomotory behavior [GO:0008344]; behavioral response to nicotine [GO:0035095]; negative regulation of cell division [GO:0051782]; peptidyl-serine phosphorylation [GO:0018105]; peptidyl-threonine phosphorylation [GO:0018107]; positive regulation of sarcomere organization [GO:0060298]","GO:0004674; GO:0005524; GO:0008344; GO:0018105; GO:0018107; GO:0019901; GO:0031672; GO:0035095; GO:0046872; GO:0051782; GO:0060298","","","cd00063;","PF00041;PF07679;PF00069;","A band [GO:0031672]; ATP binding [GO:0005524]; metal ion binding [GO:0046872]; protein kinase binding [GO:0019901]; protein serine/threonine kinase activity [GO:0004674]; adult locomotory behavior [GO:0008344]; behavioral response to nicotine [GO:0035095]; negative regulation of cell division [GO:0051782]; peptidyl-serine phosphorylation [GO:0018105]; peptidyl-threonine phosphorylation [GO:0018107]; positive regulation of sarcomere organization [GO:0060298]"
"CHOYP_PHUM_PHUM226120.7.7|m.54053",30,"9",179,258,244.5,201.5,276,278,307,299.5,196.2142857143,94.3378643656,"0.4807899895",8899.6326530612,188,"#VALUE!","-1.4704064806","-0.2701887653",307,42.5,264.5,129.25,307,1373.5,"0.8196994992","0.9282136895",173.5,231.25,-57.75,235.5,176.5,16.2679142485,"high_abundance","high_variance","high_abundance-high_variance","CHOYP_PHUM_PHUM226120.7.7|m.54053","Q23551","UNC22_CAEEL","42.4","3344","1854","37","1383","4699","3842","7140","0","2639","1","Q23551","UNC22_CAEEL","reviewed","Twitchin (EC 2.7.11.1) (Uncoordinated protein 22)","unc-22 ZK617.1","Caenorhabditis elegans","7158","adult locomotory behavior [GO:0008344]; behavioral response to nicotine [GO:0035095]; negative regulation of cell division [GO:0051782]; peptidyl-serine phosphorylation [GO:0018105]; peptidyl-threonine phosphorylation [GO:0018107]; positive regulation of sarcomere organization [GO:0060298]","GO:0004674; GO:0005524; GO:0008344; GO:0018105; GO:0018107; GO:0019901; GO:0031672; GO:0035095; GO:0046872; GO:0051782; GO:0060298","","","cd00063;","PF00041;PF07679;PF00069;","A band [GO:0031672]; ATP binding [GO:0005524]; metal ion binding [GO:0046872]; protein kinase binding [GO:0019901]; protein serine/threonine kinase activity [GO:0004674]; adult locomotory behavior [GO:0008344]; behavioral response to nicotine [GO:0035095]; negative regulation of cell division [GO:0051782]; peptidyl-serine phosphorylation [GO:0018105]; peptidyl-threonine phosphorylation [GO:0018107]; positive regulation of sarcomere organization [GO:0060298]"
"CHOYP_SPTCA.1.2|m.1905",15,"3",56.5,59.5,146.5,148,138.5,150,0,142,100.7857142857,71.472700654,"0.7091550738",5108.3469387755,142,"#VALUE!","-1.9046886253","-0.5988734731",174,0,174,33.75,174,705.5,"0.9118541033","0.9574468085",76.875,137,-60.125,157.5,106.5,8.3560345849,"high_abundance","high_variance","high_abundance-high_variance","CHOYP_SPTCA.1.2|m.1905","P02549","SPTA1_HUMAN","46.96","2453","1249","13","2","2443","8","2419","0","2138","1","P02549","SPTA1_HUMAN","reviewed","Spectrin alpha chain, erythrocytic 1 (Erythroid alpha-spectrin)","SPTA1 SPTA","Homo sapiens (Human)","2419","actin filament capping [GO:0051693]; actin filament organization [GO:0007015]; axon guidance [GO:0007411]; ER to Golgi vesicle-mediated transport [GO:0006888]; hemopoiesis [GO:0030097]; lymphocyte homeostasis [GO:0002260]; MAPK cascade [GO:0000165]; plasma membrane organization [GO:0007009]; porphyrin-containing compound biosynthetic process [GO:0006779]; positive regulation of protein binding [GO:0032092]; positive regulation of T cell proliferation [GO:0042102]; regulation of cell shape [GO:0008360]","GO:0000165; GO:0002260; GO:0005088; GO:0005200; GO:0005509; GO:0005829; GO:0006779; GO:0006888; GO:0007009; GO:0007015; GO:0007411; GO:0008091; GO:0008360; GO:0014731; GO:0015629; GO:0030097; GO:0030424; GO:0031235; GO:0032092; GO:0032437; GO:0042102; GO:0051015; GO:0051693","","","","PF08726;PF00018;PF00435;","actin cytoskeleton [GO:0015629]; axon [GO:0030424]; cuticular plate [GO:0032437]; cytosol [GO:0005829]; intrinsic component of the cytoplasmic side of the plasma membrane [GO:0031235]; spectrin [GO:0008091]; spectrin-associated cytoskeleton [GO:0014731]; actin filament binding [GO:0051015]; calcium ion binding [GO:0005509]; Ras guanyl-nucleotide exchange factor activity [GO:0005088]; structural constituent of cytoskeleton [GO:0005200]; actin filament capping [GO:0051693]; actin filament organization [GO:0007015]; axon guidance [GO:0007411]; ER to Golgi vesicle-mediated transport [GO:0006888]; hemopoiesis [GO:0030097]; lymphocyte homeostasis [GO:0002260]; MAPK cascade [GO:0000165]; plasma membrane organization [GO:0007009]; porphyrin-containing compound biosynthetic process [GO:0006779]; positive regulation of protein binding [GO:0032092]; positive regulation of T cell proliferation [GO:0042102]; regulation of cell shape [GO:0008360]"
"CHOYP_SPTCA.1.2|m.1905",10,"9",56.5,125.5,128.5,125,164.5,157.5,174,164.5,100.7857142857,71.472700654,"0.7091550738",5108.3469387755,142,"#VALUE!","-1.9046886253","-0.5988734731",174,0,174,33.75,174,705.5,"0.9118541033","0.9574468085",76.875,137,-60.125,157.5,106.5,8.3560345849,"high_abundance","high_variance","high_abundance-high_variance","CHOYP_SPTCA.1.2|m.1905","P02549","SPTA1_HUMAN","46.96","2453","1249","13","2","2443","8","2419","0","2138","1","P02549","SPTA1_HUMAN","reviewed","Spectrin alpha chain, erythrocytic 1 (Erythroid alpha-spectrin)","SPTA1 SPTA","Homo sapiens (Human)","2419","actin filament capping [GO:0051693]; actin filament organization [GO:0007015]; axon guidance [GO:0007411]; ER to Golgi vesicle-mediated transport [GO:0006888]; hemopoiesis [GO:0030097]; lymphocyte homeostasis [GO:0002260]; MAPK cascade [GO:0000165]; plasma membrane organization [GO:0007009]; porphyrin-containing compound biosynthetic process [GO:0006779]; positive regulation of protein binding [GO:0032092]; positive regulation of T cell proliferation [GO:0042102]; regulation of cell shape [GO:0008360]","GO:0000165; GO:0002260; GO:0005088; GO:0005200; GO:0005509; GO:0005829; GO:0006779; GO:0006888; GO:0007009; GO:0007015; GO:0007411; GO:0008091; GO:0008360; GO:0014731; GO:0015629; GO:0030097; GO:0030424; GO:0031235; GO:0032092; GO:0032437; GO:0042102; GO:0051015; GO:0051693","","","","PF08726;PF00018;PF00435;","actin cytoskeleton [GO:0015629]; axon [GO:0030424]; cuticular plate [GO:0032437]; cytosol [GO:0005829]; intrinsic component of the cytoplasmic side of the plasma membrane [GO:0031235]; spectrin [GO:0008091]; spectrin-associated cytoskeleton [GO:0014731]; actin filament binding [GO:0051015]; calcium ion binding [GO:0005509]; Ras guanyl-nucleotide exchange factor activity [GO:0005088]; structural constituent of cytoskeleton [GO:0005200]; actin filament capping [GO:0051693]; actin filament organization [GO:0007015]; axon guidance [GO:0007411]; ER to Golgi vesicle-mediated transport [GO:0006888]; hemopoiesis [GO:0030097]; lymphocyte homeostasis [GO:0002260]; MAPK cascade [GO:0000165]; plasma membrane organization [GO:0007009]; porphyrin-containing compound biosynthetic process [GO:0006779]; positive regulation of protein binding [GO:0032092]; positive regulation of T cell proliferation [GO:0042102]; regulation of cell shape [GO:0008360]"
"CHOYP_SPTCA.2.2|m.25615",18,"9",50.5,67.5,11,10,77,7.5,9,10,57.0714285714,45.2985560882,"0.7937168776",2051.9591836735,75,"#VALUE!","-1.2907646454","0.2772764034",133,7.5,125.5,9.5,133,399.5,"1.05","0.75",58.375,44.125,14.25,125.5,73.5,4.7317304276,"low_abundance","high_variance","low_abundance-high_variance","CHOYP_SPTCA.2.2|m.25615","P13395","SPTCA_DROME","68.87","2432","736","5","1","2428","1","2415","0","3439","1","P13395","SPTCA_DROME","reviewed","Spectrin alpha chain","alpha-Spec SPEC-A CG1977","Drosophila melanogaster (Fruit fly)","2415","actin filament capping [GO:0051693]; axon midline choice point recognition [GO:0016199]; central nervous system development [GO:0007417]; epithelium development [GO:0060429]; fusome organization [GO:0045478]; germarium-derived egg chamber formation [GO:0007293]; germarium-derived female germ-line cyst formation [GO:0030727]; germarium-derived oocyte fate determination [GO:0007294]; germ-line cyst formation [GO:0048134]; long-term strengthening of neuromuscular junction [GO:0042062]; maintenance of presynaptic active zone structure [GO:0048790]; negative regulation of microtubule depolymerization [GO:0007026]; neuromuscular synaptic transmission [GO:0007274]; oocyte construction [GO:0007308]; ovarian follicle cell development [GO:0030707]; plasma membrane organization [GO:0007009]; regulation of cell shape [GO:0008360]; regulation of synapse organization [GO:0050807]","GO:0003779; GO:0005509; GO:0005794; GO:0005811; GO:0005886; GO:0005938; GO:0007009; GO:0007026; GO:0007274; GO:0007293; GO:0007294; GO:0007308; GO:0007417; GO:0008017; GO:0008091; GO:0008092; GO:0008360; GO:0016199; GO:0016323; GO:0030707; GO:0030727; GO:0031594; GO:0042062; GO:0045169; GO:0045170; GO:0045478; GO:0048134; GO:0048790; GO:0050807; GO:0051693; GO:0060429","","","cd00051;","PF13499;PF08726;PF00018;PF00435;","basolateral plasma membrane [GO:0016323]; cell cortex [GO:0005938]; fusome [GO:0045169]; Golgi apparatus [GO:0005794]; lipid particle [GO:0005811]; neuromuscular junction [GO:0031594]; plasma membrane [GO:0005886]; spectrin [GO:0008091]; spectrosome [GO:0045170]; actin binding [GO:0003779]; calcium ion binding [GO:0005509]; cytoskeletal protein binding [GO:0008092]; microtubule binding [GO:0008017]; actin filament capping [GO:0051693]; axon midline choice point recognition [GO:0016199]; central nervous system development [GO:0007417]; epithelium development [GO:0060429]; fusome organization [GO:0045478]; germ-line cyst formation [GO:0048134]; germarium-derived egg chamber formation [GO:0007293]; germarium-derived female germ-line cyst formation [GO:0030727]; germarium-derived oocyte fate determination [GO:0007294]; long-term strengthening of neuromuscular junction [GO:0042062]; maintenance of presynaptic active zone structure [GO:0048790]; negative regulation of microtubule depolymerization [GO:0007026]; neuromuscular synaptic transmission [GO:0007274]; oocyte construction [GO:0007308]; ovarian follicle cell development [GO:0030707]; plasma membrane organization [GO:0007009]; regulation of cell shape [GO:0008360]; regulation of synapse organization [GO:0050807]"
"CHOYP_SPTCA.2.2|m.25615",20,"3",50.5,74.5,6.5,5,11,10.5,133,75,57.0714285714,45.2985560882,"0.7937168776",2051.9591836735,75,"#VALUE!","-1.2907646454","0.2772764034",133,7.5,125.5,9.5,133,399.5,"1.05","0.75",58.375,44.125,14.25,125.5,73.5,4.7317304276,"low_abundance","high_variance","low_abundance-high_variance","CHOYP_SPTCA.2.2|m.25615","P13395","SPTCA_DROME","68.87","2432","736","5","1","2428","1","2415","0","3439","1","P13395","SPTCA_DROME","reviewed","Spectrin alpha chain","alpha-Spec SPEC-A CG1977","Drosophila melanogaster (Fruit fly)","2415","actin filament capping [GO:0051693]; axon midline choice point recognition [GO:0016199]; central nervous system development [GO:0007417]; epithelium development [GO:0060429]; fusome organization [GO:0045478]; germarium-derived egg chamber formation [GO:0007293]; germarium-derived female germ-line cyst formation [GO:0030727]; germarium-derived oocyte fate determination [GO:0007294]; germ-line cyst formation [GO:0048134]; long-term strengthening of neuromuscular junction [GO:0042062]; maintenance of presynaptic active zone structure [GO:0048790]; negative regulation of microtubule depolymerization [GO:0007026]; neuromuscular synaptic transmission [GO:0007274]; oocyte construction [GO:0007308]; ovarian follicle cell development [GO:0030707]; plasma membrane organization [GO:0007009]; regulation of cell shape [GO:0008360]; regulation of synapse organization [GO:0050807]","GO:0003779; GO:0005509; GO:0005794; GO:0005811; GO:0005886; GO:0005938; GO:0007009; GO:0007026; GO:0007274; GO:0007293; GO:0007294; GO:0007308; GO:0007417; GO:0008017; GO:0008091; GO:0008092; GO:0008360; GO:0016199; GO:0016323; GO:0030707; GO:0030727; GO:0031594; GO:0042062; GO:0045169; GO:0045170; GO:0045478; GO:0048134; GO:0048790; GO:0050807; GO:0051693; GO:0060429","","","cd00051;","PF13499;PF08726;PF00018;PF00435;","basolateral plasma membrane [GO:0016323]; cell cortex [GO:0005938]; fusome [GO:0045169]; Golgi apparatus [GO:0005794]; lipid particle [GO:0005811]; neuromuscular junction [GO:0031594]; plasma membrane [GO:0005886]; spectrin [GO:0008091]; spectrosome [GO:0045170]; actin binding [GO:0003779]; calcium ion binding [GO:0005509]; cytoskeletal protein binding [GO:0008092]; microtubule binding [GO:0008017]; actin filament capping [GO:0051693]; axon midline choice point recognition [GO:0016199]; central nervous system development [GO:0007417]; epithelium development [GO:0060429]; fusome organization [GO:0045478]; germ-line cyst formation [GO:0048134]; germarium-derived egg chamber formation [GO:0007293]; germarium-derived female germ-line cyst formation [GO:0030727]; germarium-derived oocyte fate determination [GO:0007294]; long-term strengthening of neuromuscular junction [GO:0042062]; maintenance of presynaptic active zone structure [GO:0048790]; negative regulation of microtubule depolymerization [GO:0007026]; neuromuscular synaptic transmission [GO:0007274]; oocyte construction [GO:0007308]; ovarian follicle cell development [GO:0030707]; plasma membrane organization [GO:0007009]; regulation of cell shape [GO:0008360]; regulation of synapse organization [GO:0050807]"
"CHOYP_TBB4B.1.7|m.12262",8,"3",114.5,136.5,222.5,227.5,171,114,129.5,62.5,141,74.3072770903,"0.5270019652",5521.5714285714,129.5,"#VALUE!","-2.5217133606","0.0783226146",227.5,52,175.5,68.75,227.5,987,"0.5277777778","1.0532407407",136.5,138.75,-2.25,152.5,172.5,11.6901575269,"high_abundance","high_variance","high_abundance-high_variance","CHOYP_TBB4B.1.7|m.12262","Q07972","TBAA_PNECA","39.15","212","121","1","202","405","1","212","9.00E-53","182","1","Q07972","TBAA_PNECA","reviewed","Tubulin alpha chain (Fragment)","TUB-A","Pneumocystis carinii","212","microtubule-based process [GO:0007017]","GO:0003924; GO:0005200; GO:0005525; GO:0005737; GO:0005874; GO:0007017","","","","PF03953;","cytoplasm [GO:0005737]; microtubule [GO:0005874]; GTP binding [GO:0005525]; GTPase activity [GO:0003924]; structural constituent of cytoskeleton [GO:0005200]; microtubule-based process [GO:0007017]"
"CHOYP_TBB4B.1.7|m.12262",33,"9",114.5,223,95,119.5,150,227.5,224.5,216,141,74.3072770903,"0.5270019652",5521.5714285714,129.5,"#VALUE!","-2.5217133606","0.0783226146",227.5,52,175.5,68.75,227.5,987,"0.5277777778","1.0532407407",136.5,138.75,-2.25,152.5,172.5,11.6901575269,"high_abundance","high_variance","high_abundance-high_variance","CHOYP_TBB4B.1.7|m.12262","Q07972","TBAA_PNECA","39.15","212","121","1","202","405","1","212","9.00E-53","182","1","Q07972","TBAA_PNECA","reviewed","Tubulin alpha chain (Fragment)","TUB-A","Pneumocystis carinii","212","microtubule-based process [GO:0007017]","GO:0003924; GO:0005200; GO:0005525; GO:0005737; GO:0005874; GO:0007017","","","","PF03953;","cytoplasm [GO:0005737]; microtubule [GO:0005874]; GTP binding [GO:0005525]; GTPase activity [GO:0003924]; structural constituent of cytoskeleton [GO:0005200]; microtubule-based process [GO:0007017]"
"CHOYP_TBB4B.7.7|m.63980",7,"3",372.5,301.5,169.5,165,146,239,157.5,211,137.5,55.8358563751,"0.4060789555",3117.6428571429,130.5,"#VALUE!","0.1890949114","-0.4573167201",211,35,176,113,211,962.5,"2.0340425532","0.9234042553",135,165.375,-30.375,204,93.5,11.3999763117,"high_abundance","high_variance","high_abundance-high_variance","None","None","None","None","None","None","None","None","None","None","None","None","None","None","None","None","None","None","None","None","None","None","None","None","None","None","None","None"
"CHOYP_TBB4B.7.7|m.63980",32,"9",372.5,174,221.5,146,183,108.5,130.5,117.5,137.5,55.8358563751,"0.4060789555",3117.6428571429,130.5,"#VALUE!","0.1890949114","-0.4573167201",211,35,176,113,211,962.5,"2.0340425532","0.9234042553",135,165.375,-30.375,204,93.5,11.3999763117,"high_abundance","high_variance","high_abundance-high_variance","None","None","None","None","None","None","None","None","None","None","None","None","None","None","None","None","None","None","None","None","None","None","None","None","None","None","None","None"
"CHOYP_VOLCADRAFT_93060.2.2|m.26741",23,"3",110.5,102,50,40,43.5,44.5,27,28.5,29.2142857143,5.6748640189,"0.1942496241",32.2040816327,28.5,"#VALUE!","0.8466458963","-0.1776749979",38.5,19,19.5,27,38.5,204.5,"1.6481481481","1.2592592593",31.125,31.125,0,25.5,11.5,2.4221248371,"low_abundance","high_variance","low_abundance-high_variance","CHOYP_VOLCADRAFT_93060.2.2|m.26741","P81262","IPSG_UNCUN","36.27","102","46","4","55","138","22","122","7.00E-10","58.2","1","P81262","IPSG_PANUN","reviewed","Double-headed protease inhibitor, submandibular gland","","Panthera uncia (Snow leopard) (Uncia uncia)","122","","GO:0004867; GO:0005576","","","","PF00050;","extracellular region [GO:0005576]; serine-type endopeptidase inhibitor activity [GO:0004867]"
"CHOYP_VOLCADRAFT_93060.2.2|m.26741",18,"9",110.5,54,32,26.5,33.5,34,30.5,27,29.2142857143,5.6748640189,"0.1942496241",32.2040816327,28.5,"#VALUE!","0.8466458963","-0.1776749979",38.5,19,19.5,27,38.5,204.5,"1.6481481481","1.2592592593",31.125,31.125,0,25.5,11.5,2.4221248371,"low_abundance","high_variance","low_abundance-high_variance","CHOYP_VOLCADRAFT_93060.2.2|m.26741","P81262","IPSG_UNCUN","36.27","102","46","4","55","138","22","122","7.00E-10","58.2","1","P81262","IPSG_PANUN","reviewed","Double-headed protease inhibitor, submandibular gland","","Panthera uncia (Snow leopard) (Uncia uncia)","122","","GO:0004867; GO:0005576","","","","PF00050;","extracellular region [GO:0005576]; serine-type endopeptidase inhibitor activity [GO:0004867]"
